image_id,PredictionString
CCTV01^20260318-110000-20260318-120000_000061,10 0.9006 0.773797 0.728389 0.142534 0.347653 3 0.845 0.524539 0.876710 0.070897 0.193279 10 0.8253 0.410169 0.388297 0.106332 0.118157 2 0.7828 0.192423 0.735781 0.049651 0.102624 0 0.7586 0.304549 0.945500 0.046437 0.105438 0 0.7247 0.864869 0.543450 0.025099 0.070738 0 0.7224 0.785556 0.939132 0.053161 0.116228 3 0.6015 0.419665 0.503954 0.049385 0.065488 0 0.5837 0.927939 0.669396 0.039238 0.094534 0 0.4854 0.316944 0.478720 0.023663 0.058677 10 0.4849 0.195550 0.616103 0.154899 0.234421 1 0.4248 0.140892 0.860052 0.057505 0.099017 1 0.4155 0.881941 0.710939 0.029355 0.086517 0 0.4018 0.233384 0.965700 0.054887 0.068600 6 0.3249 0.195496 0.616003 0.154641 0.233343 1 0.2854 0.859227 0.748077 0.025785 0.078532
CCTV01^20260318-110000-20260318-120000_000065,10 0.872 0.699129 0.443716 0.062913 0.164010 2 0.8284 0.243848 0.682709 0.040678 0.096425 3 0.8212 0.525415 0.876092 0.068804 0.193790 0 0.8009 0.312313 0.792972 0.051355 0.103172 3 0.778 0.642292 0.404740 0.027570 0.055611 3 0.7146 0.728813 0.628662 0.056254 0.112179 0 0.6358 0.292931 0.539869 0.029126 0.068694 0 0.6176 0.896731 0.559671 0.040548 0.090006 1 0.6028 0.222213 0.798974 0.044245 0.089640 2 0.5551 0.467677 0.452168 0.029162 0.063180 1 0.5417 0.751476 0.474551 0.018509 0.056802 1 0.5144 0.388690 0.552713 0.025237 0.056870
CCTV01^20260318-110000-20260318-120000_000069,10 0.8882 0.811447 0.799583 0.144371 0.400581 3 0.8591 0.706071 0.665998 0.048729 0.118154 3 0.8116 0.524601 0.878317 0.074075 0.199475 10 0.8022 0.348855 0.426713 0.115255 0.134837 0 0.7411 0.899911 0.684311 0.045592 0.097798 1 0.6932 0.292830 0.668863 0.027777 0.073850 4 0.5748 0.700097 0.433985 0.045659 0.086094 12 0.4741 0.202655 0.768184 0.125869 0.159298 0 0.4596 0.405837 0.474195 0.025092 0.066839 2 0.4385 0.339283 0.506877 0.038477 0.066030 2 0.3883 0.296912 0.604953 0.035495 0.079562 5 0.344 0.352024 0.613835 0.072544 0.117876 1 0.3238 0.633723 0.410159 0.016868 0.050035
CCTV01^20260318-110000-20260318-120000_000073,6 0.8377 0.870441 0.599173 0.119629 0.273320 3 0.8133 0.524442 0.877679 0.072069 0.197132 10 0.728 0.377109 0.522471 0.125638 0.190471 1 0.6169 0.775201 0.658935 0.036411 0.079387 2 0.5298 0.804897 0.487039 0.033988 0.069371 3 0.4659 0.642358 0.306631 0.027773 0.065152 6 0.4623 0.861056 0.886249 0.160818 0.227502 1 0.4496 0.134729 0.800636 0.042248 0.081482 1 0.4219 0.665643 0.448715 0.020341 0.058943 4 0.372 0.699954 0.446660 0.040828 0.076004 3 0.3684 0.256947 0.688035 0.067441 0.108517 7 0.2792 0.243607 0.871958 0.132225 0.252956 1 0.2767 0.259715 0.629207 0.032161 0.053283 1 0.218 0.200639 0.718192 0.029893 0.066853
CCTV01^20260318-110000-20260318-120000_000077,3 0.7689 0.756415 0.621404 0.051209 0.116081 3 0.737 0.524650 0.874473 0.072226 0.199294 0 0.7259 0.323328 0.797651 0.060297 0.111693 3 0.5921 0.697159 0.530674 0.040730 0.073135 1 0.503 0.892651 0.957966 0.054892 0.084068 4 0.4517 0.828136 0.746413 0.108338 0.171303 1 0.4296 0.907055 0.837824 0.042385 0.096859 2 0.4025 0.978148 0.670339 0.042939 0.085197 7 0.2309 0.930663 0.736818 0.076656 0.115232 4 0.1631 0.931556 0.737198 0.078217 0.113051 7 0.1437 0.827209 0.742860 0.107298 0.164932
CCTV01^20260318-110000-20260318-120000_000081,3 0.7798 0.770449 0.881088 0.061501 0.168822 3 0.7684 0.304261 0.742030 0.057507 0.130628 3 0.7567 0.524944 0.877576 0.071151 0.201212 10 0.7488 0.226830 0.708387 0.150608 0.372059 12 0.7331 0.816093 0.717812 0.058525 0.169761 1 0.6185 0.745392 0.677858 0.035980 0.086077 3 0.5999 0.168430 0.959062 0.081516 0.081877 0 0.5724 0.921079 0.732091 0.052631 0.107103 6 0.4583 0.043873 0.711454 0.071872 0.119859 0 0.2919 0.267112 0.489868 0.031598 0.059583 7 0.1912 0.348044 0.927914 0.074918 0.144172
CCTV01^20260318-110000-20260318-120000_000085,2 0.8421 0.092509 0.801631 0.048058 0.104508 12 0.8248 0.305284 0.811724 0.090374 0.125741 2 0.7684 0.098170 0.716346 0.052331 0.081840 3 0.7668 0.525144 0.875209 0.069423 0.200588 0 0.7409 0.789431 0.652109 0.050484 0.087863 10 0.6907 0.242971 0.673257 0.155852 0.329527 3 0.6816 0.182126 0.937031 0.063867 0.125939 2 0.5125 0.698617 0.480067 0.035453 0.070761 1 0.4385 0.205754 0.573470 0.026329 0.063926 0 0.4062 0.347213 0.912744 0.061764 0.094340 1 0.4036 0.841570 0.786097 0.041790 0.085207 0 0.3337 0.382344 0.982658 0.049233 0.034684 2 0.313 0.016150 0.857659 0.032299 0.118735 4 0.16 0.766737 0.425327 0.050475 0.095959
CCTV01^20260318-110000-20260318-120000_000089,2 0.8293 0.876354 0.902958 0.072273 0.194085 12 0.8156 0.301343 0.797612 0.091171 0.106733 0 0.7732 0.074710 0.830430 0.064508 0.101693 10 0.7551 0.288896 0.600943 0.142193 0.274900 3 0.7335 0.526037 0.874865 0.069187 0.194964 3 0.6232 0.206610 0.831286 0.059409 0.127643 2 0.5797 0.394057 0.430460 0.028089 0.062394 3 0.4916 0.147499 0.693016 0.074252 0.105406 2 0.4842 0.035890 0.727292 0.057511 0.099408 0 0.4701 0.855803 0.553790 0.034888 0.085328 10 0.4037 0.447693 0.401937 0.074892 0.110757 3 0.3718 0.097465 0.959602 0.069561 0.080796 1 0.2585 0.141049 0.828346 0.031675 0.079740
CCTV01^20260318-110000-20260318-120000_000126,10 0.902 0.354058 0.444280 0.112879 0.141959 3 0.8948 0.525259 0.879587 0.069531 0.188292 3 0.8943 0.209205 0.860322 0.080753 0.146236 0 0.856 0.304748 0.898554 0.044212 0.108655 2 0.8444 0.847393 0.482020 0.037201 0.079685 2 0.8356 0.300452 0.651209 0.032973 0.087409 0 0.8239 0.275316 0.504415 0.026173 0.062437 0 0.8223 0.188516 0.612349 0.024267 0.065988 0 0.8198 0.223396 0.686602 0.027278 0.077784 0 0.8195 0.797860 0.550363 0.023805 0.071893 2 0.8035 0.937096 0.861080 0.060061 0.118102 0 0.8002 0.762049 0.930088 0.036571 0.128412 2 0.766 0.317476 0.533160 0.032691 0.073265 1 0.7629 0.396327 0.928961 0.034845 0.092101 3 0.7493 0.300499 0.612691 0.087139 0.080891 1 0.7455 0.263972 0.670491 0.021695 0.065612 1 0.7398 0.152436 0.798260 0.026659 0.079601 0 0.667 0.075982 0.701389 0.050654 0.079318 1 0.655 0.653347 0.467470 0.019311 0.054619 1 0.5782 0.170327 0.714875 0.021705 0.073391 0 0.507 0.198860 0.557704 0.030810 0.064353 1 0.4857 0.959482 0.791408 0.037031 0.097045 0 0.4716 0.849577 0.593952 0.031557 0.076183 0 0.4673 0.377293 0.576338 0.026960 0.054721 1 0.3451 0.942483 0.688554 0.024339 0.073843 1 0.3047 0.924666 0.966504 0.031550 0.066993 4 0.2794 0.792343 0.488788 0.031969 0.070374
CCTV01^20260318-110000-20260318-120000_000130,6 0.9207 0.929214 0.803021 0.122451 0.309027 10 0.8996 0.213180 0.652938 0.157711 0.256310 2 0.8669 0.787757 0.934202 0.053851 0.129069 3 0.8636 0.524694 0.878800 0.072060 0.193310 2 0.8579 0.115746 0.957403 0.060533 0.085193 2 0.85 0.847962 0.484051 0.037860 0.082226 2 0.8497 0.210795 0.928704 0.064131 0.133812 7 0.7991 0.230004 0.800104 0.074130 0.141527 2 0.7631 0.193189 0.537392 0.027265 0.062153 0 0.7499 0.803025 0.572865 0.023708 0.074069 0 0.7363 0.269424 0.449549 0.027277 0.054426 3 0.7339 0.501648 0.405398 0.036215 0.054224 1 0.704 0.728054 0.646053 0.027590 0.074302 1 0.6226 0.827469 0.701804 0.028826 0.085423 1 0.4429 0.130005 0.845646 0.034225 0.088156 3 0.3887 0.442836 0.455022 0.045258 0.066671 0 0.2835 0.164655 0.526434 0.024709 0.057950 0 0.2776 0.795655 0.526863 0.022627 0.063769 4 0.2019 0.442797 0.455501 0.045439 0.067023
CCTV01^20260318-110000-20260318-120000_000134,10 0.8953 0.815109 0.598240 0.141588 0.265604 3 0.8772 0.155981 0.891124 0.085967 0.160105 4 0.8725 0.306299 0.715084 0.054689 0.115804 3 0.8638 0.524364 0.879555 0.074239 0.195037 2 0.8622 0.326748 0.824196 0.052487 0.121740 2 0.8195 0.903279 0.576312 0.051825 0.105892 0 0.7798 0.864731 0.928032 0.043630 0.120530 0 0.768 0.186775 0.643114 0.042346 0.078257 11 0.7427 0.411246 0.490136 0.083389 0.128271 2 0.7289 0.275269 0.829362 0.048917 0.124085 0 0.6627 0.135977 0.652774 0.033791 0.084086
CCTV01^20260318-110000-20260318-120000_000138,3 0.9029 0.524933 0.879369 0.068705 0.189457 3 0.9024 0.781099 0.780223 0.061539 0.138575 3 0.8825 0.216287 0.783910 0.060298 0.111765 3 0.8564 0.712495 0.530970 0.039751 0.077483 9 0.854 0.301240 0.841586 0.090949 0.199140 6 0.8525 0.405123 0.486554 0.101654 0.127420 10 0.8521 0.393869 0.416457 0.108247 0.130758 0 0.842 0.141235 0.725061 0.031752 0.091711 0 0.8257 0.223990 0.683965 0.035551 0.076137 2 0.8207 0.913898 0.741952 0.035358 0.099749 0 0.8081 0.227188 0.571888 0.025058 0.063367 0 0.7992 0.851853 0.643401 0.035365 0.077368 1 0.7976 0.283587 0.616612 0.025200 0.058953 0 0.7615 0.960984 0.799991 0.038736 0.110408 0 0.7483 0.879058 0.714570 0.031514 0.093317 9 0.7144 0.813373 0.500854 0.055048 0.111912 0 0.6548 0.211339 0.524072 0.026121 0.054984 0 0.6355 0.930231 0.831732 0.031410 0.086227 1 0.5381 0.336235 0.622828 0.027148 0.060036 1 0.4996 0.665121 0.433564 0.019089 0.050994 0 0.3229 0.989953 0.770868 0.019686 0.099355 1 0.2371 0.628689 0.355137 0.014414 0.048066
CCTV01^20260318-110000-20260318-120000_000142,9 0.9023 0.450482 0.459706 0.055279 0.084422 3 0.8902 0.525408 0.879118 0.067419 0.186787 10 0.8884 0.343612 0.538108 0.125132 0.192994 3 0.8764 0.252259 0.779538 0.056639 0.111257 3 0.8637 0.899205 0.815497 0.097270 0.178142 3 0.8621 0.870316 0.676115 0.051695 0.117175 3 0.852 0.312921 0.683667 0.059614 0.089572 0 0.8469 0.326104 0.959630 0.057452 0.080740 0 0.8401 0.265632 0.863117 0.036904 0.110965 0 0.8328 0.817858 0.606479 0.026784 0.082963 0 0.8198 0.178332 0.638517 0.027575 0.077349 0 0.8141 0.321025 0.845112 0.038132 0.108205 2 0.8014 0.309953 0.756890 0.043130 0.098599 3 0.785 0.510013 0.398544 0.030960 0.046967 0 0.7814 0.222337 0.963717 0.056084 0.072566 0 0.7301 0.894208 0.563808 0.033700 0.076682 1 0.7225 0.719539 0.571197 0.019034 0.058889 1 0.7023 0.720370 0.668311 0.023536 0.079365 0 0.6976 0.851778 0.489706 0.025503 0.063151 0 0.61 0.788106 0.468866 0.020761 0.057020 3 0.5276 0.479571 0.426534 0.034242 0.047335 1 0.3862 0.805922 0.515068 0.019754 0.054087 0 0.3063 0.299029 0.424981 0.020653 0.048032
CCTV01^20260318-110000-20260318-120000_000146,4 0.9226 0.683881 0.511996 0.038751 0.077472 3 0.9003 0.148768 0.855759 0.085947 0.140093 3 0.8935 0.238669 0.690101 0.056496 0.097608 10 0.892 0.431494 0.418680 0.081667 0.128642 3 0.8835 0.524689 0.879244 0.071714 0.191685 0 0.8736 0.887888 0.866981 0.037196 0.120665 3 0.8699 0.493714 0.426772 0.033393 0.050811 5 0.8643 0.340086 0.608708 0.068569 0.107154 3 0.8635 0.464753 0.467498 0.039096 0.056948 4 0.8628 0.296274 0.756790 0.064033 0.165756 2 0.8586 0.279460 0.589440 0.037068 0.078136 0 0.8232 0.236673 0.871839 0.041764 0.125209 0 0.8152 0.353839 0.882298 0.059985 0.111784 10 0.8079 0.157456 0.529669 0.087390 0.183008 0 0.8027 0.311034 0.518531 0.024283 0.066470 0 0.7909 0.797779 0.509401 0.022897 0.063349 0 0.7882 0.266107 0.459253 0.021495 0.051933 0 0.7652 0.355949 0.416075 0.021170 0.053346 0 0.7602 0.821385 0.501597 0.021771 0.057600 2 0.7234 0.321842 0.422707 0.025964 0.047207 2 0.7156 0.284262 0.436771 0.021541 0.046880 0 0.6646 0.364391 0.520700 0.023362 0.060872 1 0.6179 0.387135 0.513299 0.020559 0.055267 0 0.6031 0.124090 0.765936 0.044595 0.100607 10 0.5187 0.677215 0.400088 0.050063 0.145864 7 0.4485 0.957725 0.935611 0.084024 0.128778 9 0.3371 0.958381 0.935750 0.083238 0.128500 1 0.2816 0.770211 0.455256 0.016408 0.052420
CCTV01^20260318-110000-20260318-120000_000150,3 0.8931 0.729644 0.639072 0.066180 0.115244 3 0.893 0.524454 0.879179 0.070079 0.190360 3 0.8808 0.900704 0.783169 0.079213 0.136708 10 0.8756 0.193388 0.450948 0.085629 0.145485 3 0.8731 0.285124 0.644542 0.063158 0.089578 0 0.845 0.275992 0.550264 0.024842 0.063770 0 0.8145 0.295453 0.498205 0.020943 0.050890 3 0.7955 0.485267 0.410584 0.035527 0.049420 0 0.7921 0.819859 0.507562 0.024299 0.067649 0 0.7655 0.861905 0.562531 0.027956 0.069289 0 0.7553 0.778012 0.455424 0.025230 0.057896 1 0.7418 0.689109 0.702294 0.022444 0.072939 0 0.7351 0.914039 0.631852 0.032978 0.083572 0 0.692 0.222779 0.502325 0.024072 0.055599 1 0.6727 0.718892 0.889473 0.031311 0.114619 0 0.665 0.953199 0.648650 0.032945 0.081174 0 0.6555 0.298943 0.446024 0.024382 0.049877 3 0.6229 0.439441 0.419033 0.039183 0.049349 0 0.5832 0.340147 0.402970 0.022281 0.047649 0 0.49 0.269390 0.450786 0.022535 0.053395 10 0.4883 0.836523 0.842637 0.150715 0.314726
CCTV01^20260318-110000-20260318-120000_000154,5 0.9041 0.266302 0.656973 0.074004 0.119239 3 0.9041 0.524955 0.878844 0.067820 0.187846 10 0.866 0.375852 0.447171 0.123325 0.150131 10 0.8605 0.209643 0.434820 0.103451 0.137957 0 0.8575 0.277987 0.874174 0.039894 0.119516 3 0.8557 0.389318 0.548720 0.052102 0.062383 0 0.8541 0.129003 0.718915 0.042231 0.083974 0 0.848 0.233352 0.782038 0.040269 0.098529 0 0.8314 0.922540 0.671490 0.045803 0.100494 0 0.8186 0.203904 0.638929 0.034605 0.072632 0 0.8168 0.309393 0.681944 0.026400 0.086455 0 0.8102 0.321086 0.537073 0.020875 0.064650 0 0.8053 0.739784 0.704404 0.028189 0.093928 0 0.7864 0.151956 0.906138 0.062693 0.122697 1 0.7688 0.149649 0.804639 0.035318 0.075635 0 0.7525 0.860681 0.637594 0.031107 0.091575 0 0.7231 0.276774 0.497666 0.027412 0.063272 1 0.7 0.471110 0.468356 0.018131 0.053721 0 0.6044 0.178487 0.580221 0.033517 0.063416 1 0.4456 0.628456 0.503184 0.024864 0.054256 0 0.3934 0.360350 0.523708 0.019673 0.055872 1 0.3849 0.876474 0.885388 0.021505 0.102651 6 0.3631 0.819966 0.873508 0.101231 0.252984 0 0.2575 0.954294 0.646695 0.033965 0.082884
CCTV01^20260318-110000-20260318-120000_000158,3 0.9044 0.323389 0.589050 0.065447 0.073706 3 0.9018 0.198817 0.742610 0.081358 0.114398 3 0.895 0.525550 0.879109 0.068760 0.188640 10 0.8762 0.208504 0.430718 0.101704 0.130105 0 0.8598 0.895995 0.787258 0.040111 0.108412 0 0.8545 0.237204 0.658703 0.034623 0.084590 0 0.8363 0.247317 0.518149 0.022484 0.061792 0 0.8248 0.301128 0.761407 0.030780 0.096486 0 0.8236 0.296626 0.462268 0.020447 0.051634 0 0.7873 0.282151 0.544562 0.023624 0.066595 0 0.7675 0.703923 0.790807 0.035396 0.088729 2 0.753 0.796593 0.467850 0.025737 0.053669 0 0.7445 0.817322 0.535249 0.024219 0.066791 1 0.707 0.734079 0.636331 0.022776 0.075936 0 0.6815 0.825386 0.494222 0.021639 0.059759 0 0.5909 0.310219 0.930625 0.054463 0.112256 0 0.4722 0.895089 0.571910 0.026163 0.072375 0 0.4518 0.803680 0.858411 0.061103 0.160003 0 0.3057 0.786904 0.428585 0.016392 0.043009 1 0.301 0.704164 0.790834 0.036184 0.089733 1 0.2249 0.787550 0.758407 0.024837 0.080117 7 0.1859 0.803209 0.858878 0.061169 0.169233
CCTV01^20260318-110000-20260318-120000_000162,3 0.9053 0.257345 0.847931 0.066075 0.128755 3 0.9046 0.524938 0.879211 0.069681 0.191200 10 0.8836 0.150416 0.577386 0.148571 0.212675 10 0.8775 0.209387 0.427570 0.100728 0.124547 0 0.862 0.310116 0.891082 0.045504 0.110759 0 0.8562 0.767030 0.849179 0.034505 0.115513 2 0.8325 0.924042 0.724685 0.042813 0.096298 0 0.8213 0.805398 0.851297 0.034562 0.109571 2 0.8071 0.849296 0.490887 0.039769 0.081316 0 0.7953 0.848111 0.639786 0.029442 0.078531 0 0.7876 0.893460 0.737001 0.041274 0.096774 1 0.7714 0.344097 0.560399 0.022022 0.050978 0 0.7696 0.838809 0.929021 0.038469 0.103902 1 0.7356 0.778889 0.564085 0.020379 0.058461 0 0.7049 0.816074 0.504766 0.020317 0.056744 0 0.6745 0.335121 0.470115 0.020935 0.046291 1 0.6536 0.333918 0.628408 0.025714 0.068100 0 0.6078 0.335659 0.520567 0.023879 0.054945 0 0.5641 0.797798 0.479205 0.020108 0.053701 3 0.5595 0.674553 0.446771 0.037195 0.082887 0 0.535 0.291322 0.661401 0.043217 0.113897 0 0.4769 0.326853 0.429408 0.018188 0.050112 0 0.3552 0.894677 0.567832 0.020028 0.060313 0 0.3421 0.873249 0.587355 0.027153 0.070990
CCTV01^20260318-110000-20260318-120000_000166,6 0.908 0.216404 0.706535 0.079881 0.291679 10 0.8946 0.209159 0.501669 0.113074 0.155133 3 0.8921 0.525047 0.878899 0.069041 0.190188 5 0.8884 0.736554 0.724716 0.072175 0.159119 3 0.8884 0.401715 0.505611 0.052579 0.071407 3 0.8675 0.323405 0.492985 0.044281 0.062373 2 0.8598 0.769849 0.877274 0.047737 0.128166 5 0.855 0.677987 0.557088 0.048591 0.113231 2 0.8486 0.862655 0.556443 0.035360 0.097146 0 0.8323 0.310985 0.896411 0.044517 0.103976 0 0.8256 0.153874 0.681314 0.029846 0.080208 10 0.7974 0.209323 0.431194 0.104238 0.129429 0 0.7853 0.366299 0.452062 0.020803 0.057068 3 0.7835 0.637657 0.424445 0.029749 0.056449 1 0.7677 0.854832 0.693367 0.025440 0.084204 0 0.7673 0.911110 0.664065 0.033093 0.076747 1 0.7134 0.103348 0.863374 0.028762 0.090172 1 0.7061 0.263174 0.577358 0.023908 0.058981 0 0.705 0.894173 0.569782 0.021719 0.065919 0 0.6237 0.322802 0.438784 0.021839 0.049963 0 0.5202 0.265525 0.955072 0.047476 0.089856 0 0.266 0.942484 0.701955 0.031710 0.085931
CCTV01^20260318-110000-20260318-120000_000170,10 0.9057 0.363245 0.396221 0.074003 0.123978 10 0.8985 0.743562 0.482130 0.091417 0.189598 10 0.8946 0.238130 0.465287 0.097690 0.144002 3 0.8881 0.400165 0.497647 0.050814 0.059044 5 0.8849 0.203432 0.802549 0.071952 0.158137 3 0.881 0.524858 0.878742 0.071744 0.190209 3 0.8682 0.766882 0.931403 0.067368 0.137195 3 0.8678 0.232586 0.645946 0.060570 0.081872 3 0.8631 0.461242 0.448166 0.038033 0.053920 3 0.8521 0.279493 0.657206 0.063562 0.093861 2 0.8431 0.319902 0.768231 0.038604 0.102495 0 0.834 0.272207 0.763708 0.034044 0.097789 0 0.8166 0.872893 0.738016 0.033960 0.101634 0 0.8043 0.290341 0.576273 0.025382 0.060541 0 0.8024 0.272860 0.516970 0.025650 0.058266 2 0.7985 0.325228 0.582150 0.029250 0.076553 1 0.7504 0.763448 0.748733 0.027653 0.091857 0 0.7229 0.820947 0.500351 0.020350 0.055961 0 0.7177 0.936261 0.696248 0.029633 0.089133 0 0.6865 0.156592 0.632695 0.024736 0.068649 1 0.6544 0.915454 0.748691 0.026257 0.083422 1 0.6376 0.664944 0.537739 0.021394 0.060598 10 0.6095 0.208803 0.434162 0.100218 0.137958 1 0.6026 0.355272 0.959963 0.031894 0.080073 1 0.5962 0.719343 0.594204 0.023090 0.065674 0 0.595 0.854960 0.555764 0.023689 0.062842 1 0.5893 0.655238 0.481260 0.019336 0.050381 0 0.5818 0.974918 0.824137 0.050164 0.116794 0 0.5522 0.913349 0.623553 0.035555 0.076792 1 0.4278 0.800497 0.493240 0.013721 0.046416 1 0.3806 0.442331 0.396094 0.017896 0.040651 0 0.2938 0.894960 0.571093 0.023446 0.056353 1 0.2039 0.489028 0.407640 0.023264 0.043028
CCTV01^20260318-110000-20260318-120000_000174,3 0.8892 0.524906 0.879298 0.070266 0.189685 3 0.8864 0.277573 0.664164 0.065584 0.088674 10 0.8669 0.251087 0.446236 0.114391 0.127175 6 0.8663 0.829493 0.470397 0.067235 0.152715 3 0.858 0.339261 0.578154 0.044675 0.072538 0 0.8434 0.952402 0.872478 0.036889 0.110201 10 0.8391 0.188636 0.609344 0.172787 0.246585 2 0.8391 0.919533 0.794069 0.063881 0.098286 0 0.8338 0.248276 0.876643 0.042698 0.110242 0 0.8181 0.333397 0.521600 0.026088 0.055060 0 0.7576 0.767713 0.603198 0.024369 0.074339 1 0.7455 0.294876 0.583037 0.020400 0.056826 0 0.737 0.289804 0.517237 0.024192 0.059965 1 0.7292 0.759560 0.750790 0.024619 0.079092 1 0.7278 0.708948 0.820734 0.026198 0.096349 1 0.7059 0.299604 0.734887 0.024384 0.074618 1 0.6854 0.476266 0.455583 0.016020 0.054182 1 0.67 0.794590 0.531451 0.017905 0.057323 2 0.6522 0.490165 0.425954 0.021652 0.053454 0 0.6411 0.037927 0.926983 0.045271 0.107813 4 0.6372 0.639876 0.388871 0.028059 0.060004 1 0.6358 0.714102 0.556818 0.017191 0.061210 0 0.6184 0.368571 0.456690 0.021870 0.055808 0 0.6088 0.185405 0.836257 0.035941 0.090864 0 0.536 0.324285 0.451465 0.022914 0.057965 1 0.5131 0.740057 0.576131 0.021790 0.067018 10 0.4993 0.207268 0.433748 0.093355 0.134367 1 0.4882 0.190891 0.893978 0.037025 0.090876 0 0.4875 0.985334 0.736875 0.028925 0.097122 1 0.3723 0.403337 0.961303 0.035157 0.077395 1 0.2846 0.596491 0.462901 0.014035 0.042770 0 0.2738 0.354703 0.411283 0.018387 0.042312
CCTV01^20260318-110000-20260318-120000_000178,6 0.9806 0.882932 0.594005 0.100378 0.217271 3 0.9046 0.243680 0.774089 0.071345 0.115381 10 0.8846 0.367897 0.494684 0.123593 0.171763 10 0.8844 0.209188 0.433578 0.101610 0.136114 3 0.8791 0.525028 0.879248 0.070516 0.190731 7 0.8704 0.250627 0.609043 0.109968 0.122837 0 0.8616 0.930516 0.824654 0.050216 0.121009 2 0.8491 0.045395 0.823060 0.056487 0.121469 0 0.8476 0.818942 0.799022 0.034353 0.101895 2 0.8342 0.314739 0.805366 0.047279 0.118452 2 0.8333 0.893901 0.730025 0.054227 0.096639 7 0.8261 0.100516 0.719308 0.107207 0.118966 1 0.8228 0.157848 0.831768 0.035726 0.085147 0 0.8153 0.801657 0.624764 0.027897 0.083352 0 0.7934 0.274514 0.903691 0.048481 0.115545 10 0.793 0.308204 0.473369 0.105113 0.171911 3 0.7633 0.370765 0.598169 0.065917 0.069443 1 0.7449 0.810153 0.736643 0.034252 0.057323 10 0.6943 0.440800 0.367969 0.124806 0.112824 1 0.676 0.647401 0.442473 0.026854 0.048213 0 0.6509 0.357641 0.963341 0.046047 0.073318 0 0.6191 0.296450 0.976195 0.041383 0.047611 0 0.5985 0.202862 0.555516 0.029969 0.065642 4 0.5948 0.771403 0.918585 0.061235 0.162178 0 0.4734 0.034728 0.906466 0.037374 0.098322 0 0.3808 0.244170 0.685117 0.029573 0.067434 0 0.354 0.305549 0.724909 0.032710 0.071102 7 0.316 0.771025 0.918541 0.060484 0.161207 1 0.3104 0.187955 0.952546 0.041188 0.090130
CCTV01^20260318-110000-20260318-120000_000182,6 0.9714 0.933868 0.680602 0.129278 0.265757 4 0.9344 0.317187 0.738151 0.059576 0.131984 10 0.9052 0.709598 0.463056 0.080406 0.180589 10 0.8971 0.174388 0.793436 0.163669 0.358072 3 0.8847 0.525629 0.879126 0.070602 0.193467 10 0.8778 0.208186 0.433740 0.099697 0.136151 2 0.8665 0.340544 0.544369 0.057340 0.090476 3 0.8631 0.499828 0.415776 0.034001 0.050799 2 0.8171 0.329219 0.611717 0.039203 0.079698 0 0.7727 0.808453 0.553716 0.023112 0.072456 0 0.7532 0.839073 0.615593 0.026658 0.081004 10 0.7338 0.063502 0.562668 0.126695 0.202140 1 0.7333 0.786323 0.504423 0.016313 0.051884 0 0.7301 0.341403 0.930996 0.046304 0.099563 0 0.7168 0.860140 0.702929 0.037666 0.094655 0 0.6889 0.807400 0.481264 0.019910 0.051766 0 0.6822 0.905802 0.738489 0.042262 0.107781 0 0.672 0.244468 0.598685 0.031414 0.073062 0 0.6689 0.134683 0.663150 0.035606 0.069945 0 0.644 0.253002 0.492830 0.024895 0.055687 0 0.6285 0.394308 0.921021 0.050364 0.115377 2 0.5995 0.418417 0.509134 0.030657 0.066945 1 0.5448 0.776976 0.464859 0.015035 0.044015 0 0.4521 0.296227 0.540410 0.024784 0.062494 0 0.3969 0.272773 0.528255 0.020801 0.060496 0 0.3006 0.354482 0.570539 0.024139 0.064565 1 0.2111 0.769561 0.431559 0.015285 0.044403
CCTV01^20260318-110000-20260318-120000_000186,4 0.9006 0.317594 0.800005 0.063545 0.125419 3 0.8879 0.524663 0.878939 0.072152 0.191976 10 0.8834 0.090471 0.523044 0.143967 0.166250 10 0.8683 0.207998 0.434311 0.100319 0.138084 0 0.8646 0.038700 0.760200 0.042052 0.097906 2 0.8603 0.238952 0.736040 0.046566 0.099766 3 0.8581 0.140489 0.943421 0.079530 0.113158 10 0.8418 0.332890 0.467460 0.116982 0.154766 0 0.8366 0.232294 0.630209 0.027019 0.076764 2 0.8215 0.205780 0.685613 0.034200 0.086985 0 0.8164 0.146752 0.701600 0.030278 0.080783 0 0.8162 0.263028 0.586876 0.026536 0.075654 10 0.8099 0.411339 0.452051 0.108943 0.151396 0 0.806 0.776911 0.557302 0.022029 0.071527 1 0.789 0.268187 0.903201 0.033646 0.087773 2 0.7657 0.859749 0.549508 0.031606 0.063553 0 0.753 0.192400 0.614908 0.038882 0.076829 0 0.6958 0.918083 0.670014 0.039175 0.097066 0 0.6902 0.869505 0.641940 0.031978 0.089382 1 0.6784 0.749910 0.531913 0.017589 0.062229 0 0.5484 0.258371 0.812920 0.039669 0.091866 1 0.5387 0.461987 0.479094 0.017657 0.052079 0 0.5266 0.054435 0.692694 0.035574 0.070927 0 0.4345 0.007944 0.922509 0.015887 0.096371 1 0.4315 0.495084 0.439940 0.015923 0.050122 0 0.2551 0.244241 0.544245 0.026935 0.058769
CCTV01^20260318-110000-20260318-120000_000190,10 0.9075 0.367527 0.396752 0.077456 0.120365 3 0.9015 0.524749 0.879334 0.069543 0.190538 3 0.899 0.260723 0.761973 0.072086 0.110411 7 0.8923 0.349500 0.520070 0.035150 0.080272 3 0.8873 0.331190 0.601484 0.060254 0.074386 10 0.8815 0.208345 0.430737 0.101883 0.131512 10 0.8735 0.103247 0.519137 0.154029 0.177525 0 0.827 0.162515 0.673244 0.033678 0.078429 0 0.8169 0.221487 0.671423 0.036091 0.079397 0 0.8157 0.121017 0.716751 0.034726 0.090127 1 0.7952 0.902374 0.737581 0.027146 0.087509 0 0.7797 0.279035 0.469129 0.022998 0.053846 1 0.7144 0.265918 0.528957 0.018251 0.050101 0 0.7015 0.247235 0.940932 0.065067 0.108538 2 0.6993 0.957211 0.690277 0.046217 0.085618 3 0.6881 0.492199 0.401949 0.038151 0.053694 1 0.5708 0.316853 0.490677 0.015707 0.043603 0 0.57 0.227367 0.510923 0.024136 0.058723 0 0.4671 0.922228 0.644813 0.032312 0.082003 0 0.2967 0.815079 0.477946 0.028347 0.067116
CCTV01^20260318-110000-20260318-120000_000194,3 0.9035 0.798593 0.917364 0.077341 0.163338 10 0.8945 0.208933 0.431455 0.099625 0.130938 3 0.8904 0.525052 0.879860 0.069410 0.189908 3 0.886 0.726690 0.724162 0.057184 0.120339 10 0.8832 0.181780 0.640328 0.144048 0.257426 10 0.8744 0.103444 0.521867 0.152278 0.183613 10 0.8669 0.224094 0.777884 0.132973 0.339602 3 0.8302 0.664717 0.499727 0.031857 0.079083 3 0.829 0.902700 0.720971 0.057114 0.117138 0 0.8176 0.316320 0.508691 0.022126 0.061367 2 0.778 0.367730 0.414218 0.028156 0.048882 5 0.7628 0.783190 0.479323 0.035655 0.085748 0 0.7603 0.374165 0.937201 0.052989 0.119476 1 0.7513 0.842525 0.665888 0.021845 0.075871 1 0.748 0.745199 0.645907 0.024087 0.068506 0 0.7348 0.341726 0.462194 0.029046 0.054777 0 0.728 0.840713 0.575096 0.041331 0.099420 1 0.727 0.708716 0.485509 0.016008 0.053583 1 0.7019 0.327493 0.657033 0.020654 0.064487 0 0.6999 0.293763 0.640315 0.024438 0.073135 0 0.6765 0.264213 0.495883 0.025763 0.060717 0 0.6333 0.278976 0.591383 0.027942 0.057017 1 0.6192 0.648927 0.428426 0.016307 0.044501 9 0.4416 0.794723 0.667389 0.059663 0.149062 2 0.3912 0.840408 0.574173 0.041998 0.100195 0 0.3279 0.379349 0.435252 0.022256 0.050230 0 0.2952 0.974262 0.668438 0.036621 0.088509 1 0.2398 0.429361 0.486555 0.016019 0.047567 1 0.2248 0.900052 0.636100 0.021927 0.065347
CCTV01^20260318-110000-20260318-120000_000198,3 0.9109 0.524786 0.879284 0.068540 0.189159 10 0.8964 0.292195 0.505274 0.128831 0.179698 3 0.8963 0.244824 0.741631 0.064841 0.097133 10 0.8902 0.103321 0.517035 0.154524 0.170009 3 0.8835 0.419878 0.465862 0.046593 0.056307 10 0.8772 0.209227 0.429250 0.100794 0.128398 0 0.8635 0.903718 0.889703 0.046775 0.105601 0 0.8576 0.769805 0.677300 0.036405 0.091821 0 0.8229 0.063422 0.831321 0.034289 0.113046 0 0.7886 0.869601 0.656696 0.031618 0.083318 2 0.7833 0.476071 0.420976 0.024381 0.053936 0 0.7734 0.912286 0.624151 0.030592 0.075799 0 0.7679 0.257501 0.646581 0.027046 0.076579 1 0.7594 0.827705 0.918966 0.033477 0.092721 2 0.7558 0.941495 0.732901 0.067101 0.080081 1 0.7497 0.231326 0.640515 0.023333 0.064567 1 0.7359 0.297652 0.716961 0.021707 0.066468 1 0.6907 0.315730 0.628706 0.019250 0.062751 1 0.6889 0.715766 0.556047 0.021181 0.059994 0 0.6758 0.212380 0.601993 0.025383 0.069843 0 0.6191 0.851852 0.563524 0.027503 0.067452 0 0.5648 0.343059 0.633632 0.030053 0.067753 0 0.4559 0.358786 0.423660 0.021514 0.049526 0 0.4438 0.389674 0.518401 0.024027 0.060977 5 0.3039 0.327457 0.940411 0.133612 0.119178 1 0.2295 0.852209 0.563633 0.027451 0.066295
CCTV01^20260318-110000-20260318-120000_000202,9 0.9217 0.655289 0.551385 0.067153 0.149178 3 0.9027 0.762321 0.915107 0.074591 0.169786 3 0.8936 0.525006 0.879254 0.069884 0.191441 10 0.8909 0.728621 0.530039 0.114804 0.220361 10 0.8763 0.103973 0.516749 0.154362 0.172577 10 0.8632 0.208311 0.433854 0.101294 0.136454 3 0.8581 0.625134 0.451610 0.032859 0.062044 0 0.839 0.890224 0.683940 0.037581 0.098667 0 0.8099 0.296716 0.525131 0.025115 0.057726 2 0.7968 0.812934 0.505948 0.027527 0.059974 0 0.7828 0.417664 0.445866 0.022240 0.052445 9 0.7105 0.365417 0.433266 0.051049 0.072308 0 0.6958 0.792525 0.454136 0.021180 0.051670 1 0.6812 0.335063 0.498377 0.016436 0.049277 0 0.6696 0.076805 0.945510 0.062637 0.103097 1 0.2422 0.008774 0.926081 0.017548 0.102586
CCTV01^20260318-110000-20260318-120000_000206,3 0.909 0.277996 0.719427 0.070103 0.109043 3 0.8966 0.524708 0.879162 0.068496 0.188748 10 0.8843 0.102319 0.518968 0.155157 0.175212 2 0.8723 0.245837 0.936108 0.067551 0.125293 10 0.8662 0.207955 0.433024 0.099991 0.134080 10 0.8537 0.925241 0.841529 0.149518 0.316943 3 0.8524 0.463683 0.440204 0.043203 0.058239 2 0.8365 0.827786 0.735373 0.039794 0.092741 3 0.8306 0.843185 0.510233 0.043213 0.069391 9 0.8293 0.761685 0.884730 0.090786 0.199681 0 0.8004 0.687593 0.729748 0.030518 0.096738 1 0.713 0.708739 0.550796 0.018977 0.062970 0 0.7119 0.286067 0.483784 0.022472 0.053629 0 0.7118 0.822374 0.530989 0.026118 0.062405 1 0.7084 0.764739 0.689007 0.021966 0.084277 2 0.6057 0.858503 0.953554 0.058010 0.092892 0 0.5831 0.267010 0.475770 0.018476 0.056854 1 0.5406 0.235938 0.580952 0.020046 0.058039 0 0.3443 0.789646 0.427488 0.021515 0.049405
CCTV01^20260318-110000-20260318-120000_000210,9 0.939 0.323679 0.490277 0.041986 0.100484 9 0.9058 0.746652 0.639247 0.096937 0.214919 3 0.9053 0.215658 0.864535 0.077798 0.136914 3 0.8975 0.377636 0.569620 0.057797 0.071484 3 0.8944 0.524779 0.878935 0.068576 0.188853 3 0.8881 0.701301 0.507915 0.042958 0.065153 10 0.88 0.208037 0.431995 0.100086 0.132933 10 0.8788 0.103056 0.519308 0.155847 0.175925 2 0.8514 0.731406 0.859590 0.045049 0.125313 3 0.8356 0.979298 0.881282 0.041028 0.128983 0 0.8129 0.251241 0.516217 0.022993 0.051464 1 0.8079 0.074136 0.716682 0.034906 0.063152 0 0.7972 0.281652 0.504124 0.022580 0.061338 2 0.7667 0.901659 0.547372 0.034592 0.067812 2 0.7493 0.813876 0.539133 0.025333 0.066280 1 0.7318 0.267666 0.897970 0.030184 0.092402 9 0.68 0.230398 0.629483 0.060622 0.126563 1 0.6233 0.358048 0.438634 0.017442 0.042057 1 0.5383 0.795762 0.462968 0.016404 0.049492 0 0.3979 0.257369 0.473620 0.018899 0.044856 0 0.2808 0.305873 0.433696 0.019273 0.044610
CCTV01^20260318-110000-20260318-120000_000214,10 0.9182 0.781948 0.762641 0.147646 0.389078 9 0.9005 0.936834 0.835188 0.115888 0.256229 3 0.8957 0.524756 0.879598 0.070548 0.190753 10 0.8748 0.102966 0.520330 0.153788 0.178491 3 0.8738 0.701875 0.455261 0.036403 0.061888 10 0.8717 0.208005 0.433499 0.099871 0.135052 3 0.8677 0.660848 0.535674 0.039943 0.078015 2 0.8509 0.284074 0.783719 0.043035 0.111136 0 0.8448 0.833355 0.500255 0.025321 0.062634 0 0.8441 0.086003 0.837540 0.046922 0.093697 2 0.8213 0.285396 0.659552 0.032703 0.088794 2 0.8003 0.971278 0.683460 0.041598 0.086261 0 0.7975 0.174095 0.679625 0.035507 0.084664 0 0.7928 0.275727 0.496683 0.025422 0.057677 1 0.7454 0.355474 0.465614 0.019013 0.054053 1 0.6954 0.397532 0.509604 0.018393 0.055084 1 0.6884 0.806164 0.593065 0.018383 0.064900 1 0.6769 0.372204 0.521244 0.016942 0.054136 2 0.532 0.875619 0.612962 0.034699 0.084731 0 0.4739 0.331748 0.457354 0.021876 0.056978 0 0.4446 0.930387 0.685389 0.029044 0.063675 2 0.4097 0.825123 0.447580 0.025390 0.047629 0 0.2761 0.760145 0.433377 0.019008 0.059832 4 0.2339 0.310476 0.430802 0.037241 0.071001 7 0.2314 0.935623 0.837815 0.115041 0.263049
CCTV01^20260318-110000-20260318-120000_000218,3 0.9009 0.687026 0.640589 0.046633 0.098822 10 0.899 0.098660 0.660384 0.195627 0.278895 3 0.8982 0.525095 0.879524 0.069667 0.190659 3 0.8874 0.856433 0.947546 0.078708 0.104907 3 0.8807 0.807303 0.782544 0.049505 0.143373 3 0.8761 0.772094 0.582731 0.051238 0.087075 10 0.8706 0.749290 0.768983 0.103091 0.324044 10 0.8689 0.209885 0.431867 0.103254 0.132630 3 0.8656 0.665904 0.480572 0.036986 0.062686 10 0.8628 0.105496 0.521245 0.156291 0.178685 0 0.841 0.314832 0.936099 0.042864 0.112559 0 0.8332 0.856775 0.767044 0.039368 0.091351 0 0.8259 0.250778 0.933415 0.051130 0.126437 0 0.8168 0.257584 0.792556 0.038292 0.091242 0 0.7887 0.660533 0.540695 0.026871 0.071858 0 0.7764 0.338436 0.463601 0.022017 0.052119 1 0.7367 0.894581 0.763592 0.025773 0.087358 1 0.7311 0.265907 0.649231 0.021416 0.065305 2 0.7242 0.968694 0.652386 0.042989 0.086600 1 0.6821 0.384489 0.906884 0.038032 0.093595
CCTV01^20260318-110000-20260318-120000_000222,10 0.9177 0.123395 0.624296 0.183285 0.255609 3 0.8941 0.524787 0.879636 0.070410 0.191080 10 0.8857 0.208526 0.433498 0.101166 0.134888 3 0.8677 0.268115 0.640071 0.048012 0.085607 10 0.8619 0.103875 0.524499 0.152926 0.188840 3 0.8481 0.414307 0.508816 0.049418 0.061933 0 0.8471 0.138181 0.894321 0.042206 0.118491 2 0.8267 0.336146 0.631803 0.038587 0.088080 1 0.7802 0.235896 0.757187 0.029027 0.078656 0 0.7354 0.795813 0.509924 0.019699 0.060993 0 0.7119 0.128516 0.806610 0.039925 0.099727 0 0.6657 0.912439 0.643293 0.030325 0.085247 1 0.6563 0.686517 0.454602 0.019058 0.057915 2 0.6415 0.364924 0.409901 0.032227 0.060898 0 0.6248 0.885044 0.570834 0.027373 0.073508 1 0.5398 0.122061 0.734100 0.036422 0.063293 0 0.5379 0.323843 0.456227 0.021512 0.046877 7 0.4154 0.851129 0.830733 0.056870 0.183246 1 0.3815 0.823060 0.697804 0.020513 0.080627 1 0.3594 0.352569 0.455216 0.019756 0.044706
CCTV01^20260318-110000-20260318-120000_000226,3 0.9071 0.524875 0.878754 0.067638 0.187886 10 0.8879 0.142505 0.596457 0.166551 0.218450 3 0.8803 0.438281 0.460045 0.040193 0.055114 10 0.8719 0.208746 0.430468 0.101531 0.129506 4 0.8628 0.305668 0.583517 0.050452 0.088425 0 0.8534 0.335760 0.866320 0.036586 0.103135 10 0.8531 0.103915 0.522407 0.151607 0.181981 0 0.8453 0.803040 0.522476 0.024880 0.062792 0 0.8235 0.834052 0.623305 0.029235 0.087513 0 0.817 0.713638 0.635960 0.025718 0.081691 0 0.8088 0.802818 0.672547 0.026696 0.094504 2 0.7858 0.825992 0.508868 0.024612 0.056505 0 0.7782 0.378952 0.426199 0.021714 0.048886 1 0.6937 0.713452 0.469000 0.015343 0.048548 0 0.6256 0.234965 0.593029 0.028331 0.071048 1 0.6239 0.674004 0.468012 0.016296 0.048514 1 0.5596 0.267656 0.756196 0.020267 0.059873 1 0.4975 0.368392 0.942413 0.033876 0.094612 0 0.4676 0.850840 0.491794 0.020352 0.051502 6 0.365 0.080869 0.797958 0.161650 0.289489 2 0.3225 0.235024 0.592618 0.028192 0.070472 0 0.2946 0.254757 0.495821 0.024088 0.062683
CCTV01^20260318-110000-20260318-120000_000230,10 0.9123 0.149492 0.666928 0.184095 0.270690 6 0.9022 0.345028 0.468036 0.085237 0.130565 3 0.9002 0.524563 0.878648 0.068593 0.189590 9 0.8977 0.685781 0.434823 0.049956 0.109355 10 0.8826 0.234662 0.495924 0.141676 0.164581 10 0.8769 0.101928 0.521716 0.153663 0.181839 0 0.8414 0.251729 0.865631 0.045802 0.101571 10 0.8257 0.210421 0.431849 0.103692 0.130982 0 0.8094 0.293237 0.607952 0.028533 0.075849 2 0.7953 0.975602 0.806877 0.048797 0.124309 1 0.7642 0.815337 0.728723 0.022767 0.077923 0 0.7575 0.807883 0.456375 0.020779 0.056173 1 0.7569 0.861523 0.804040 0.021859 0.091902 0 0.6991 0.850575 0.549452 0.024441 0.058559 0 0.6825 0.309605 0.563388 0.022202 0.061216 0 0.6579 0.510631 0.445279 0.016393 0.052993 5 0.5717 0.776167 0.895330 0.080702 0.203896 0 0.4948 0.269049 0.539171 0.026505 0.066133 0 0.4569 0.198971 0.966584 0.074884 0.066831 0 0.4265 0.875613 0.533098 0.021467 0.059678 1 0.4146 0.820792 0.883699 0.023029 0.085396 0 0.3183 0.093106 0.829423 0.037972 0.089548 1 0.2076 0.093329 0.830028 0.038532 0.088921
CCTV01^20260318-110000-20260318-120000_000234,6 0.9443 0.273489 0.857697 0.146831 0.284605 10 0.8934 0.299619 0.456922 0.144006 0.157741 3 0.8882 0.524573 0.878642 0.070429 0.191185 10 0.8872 0.203177 0.585483 0.118951 0.211929 3 0.8823 0.718148 0.601799 0.051721 0.091816 10 0.881 0.101964 0.519126 0.152202 0.176932 3 0.8731 0.668536 0.511382 0.040540 0.074142 3 0.8698 0.340165 0.609717 0.052316 0.082527 0 0.8621 0.168351 0.947698 0.046420 0.104604 10 0.8574 0.810971 0.804355 0.152654 0.391290 10 0.8541 0.209994 0.434158 0.103511 0.137082 6 0.8236 0.420864 0.393401 0.072090 0.100557 4 0.8006 0.945036 0.819440 0.084284 0.178755 3 0.7903 0.691743 0.448626 0.033055 0.061817 7 0.7574 0.654259 0.405002 0.027731 0.067636 1 0.7015 0.303658 0.668129 0.022586 0.067282 3 0.6835 0.251864 0.695214 0.060476 0.073904 1 0.6617 0.473419 0.470884 0.020489 0.055959 0 0.6552 0.857031 0.535538 0.027998 0.072862 1 0.6225 0.289711 0.578326 0.021286 0.059712 0 0.535 0.126900 0.683809 0.028776 0.074922 10 0.4843 0.479338 0.385077 0.079517 0.121289 1 0.3265 0.858005 0.751329 0.021115 0.061127
CCTV01^20260318-110000-20260318-120000_000238,6 0.978 0.175943 0.676334 0.193462 0.229841 6 0.9255 0.290662 0.544610 0.052950 0.160020 3 0.9078 0.524914 0.879621 0.069700 0.190365 3 0.9027 0.264451 0.832204 0.063358 0.121390 3 0.9012 0.282663 0.711232 0.068896 0.095613 3 0.8972 0.915776 0.822544 0.093455 0.142918 10 0.8877 0.342047 0.434358 0.154977 0.140247 10 0.8812 0.102823 0.519594 0.153087 0.176290 0 0.8584 0.769561 0.861950 0.034828 0.115246 7 0.8506 0.323141 0.916666 0.081255 0.166669 10 0.8415 0.210353 0.434647 0.102980 0.137336 0 0.8052 0.805141 0.582778 0.024486 0.066875 10 0.8026 0.208593 0.531115 0.071562 0.159963 0 0.7889 0.356191 0.529995 0.023715 0.068833 0 0.7753 0.783027 0.542694 0.023538 0.064878 1 0.7642 0.182922 0.800087 0.027306 0.082770 0 0.7605 0.337561 0.588577 0.029805 0.074971 0 0.7525 0.462621 0.466825 0.022964 0.068296 6 0.7356 0.444205 0.378490 0.085690 0.096396 0 0.7185 0.857406 0.600034 0.027617 0.077096 2 0.7074 0.828545 0.458659 0.029698 0.051962 1 0.6879 0.396670 0.549796 0.019176 0.057186 3 0.6524 0.144177 0.968151 0.098537 0.063698 0 0.6279 0.867399 0.518843 0.021728 0.061556 1 0.5911 0.429666 0.479540 0.020530 0.058344 0 0.582 0.895187 0.569379 0.027036 0.085140 1 0.5526 0.237713 0.722423 0.023022 0.064532 0 0.4951 0.778976 0.454813 0.020894 0.057048
CCTV01^20260318-110000-20260318-120000_000242,6 0.9514 0.307756 0.534683 0.111173 0.164546 5 0.917 0.274678 0.654224 0.062742 0.120873 3 0.9067 0.240919 0.932835 0.071505 0.134331 3 0.9052 0.525221 0.878867 0.067524 0.188460 10 0.9034 0.673706 0.493808 0.082858 0.200737 10 0.9027 0.138052 0.626724 0.221739 0.237485 3 0.8937 0.177528 0.828014 0.071304 0.121798 5 0.8888 0.343736 0.628801 0.064477 0.107173 7 0.874 0.388382 0.482704 0.034658 0.083148 10 0.8677 0.414465 0.402146 0.125253 0.126171 0 0.8632 0.340940 0.875574 0.053419 0.117268 10 0.8621 0.103921 0.520801 0.154468 0.182816 2 0.8589 0.199175 0.715707 0.046214 0.092636 0 0.8437 0.808506 0.812196 0.037654 0.098503 0 0.8415 0.138327 0.746605 0.041756 0.090365 2 0.839 0.876203 0.583831 0.045078 0.101809 0 0.8346 0.963668 0.695158 0.032630 0.097360 2 0.825 0.831111 0.628859 0.036414 0.087472 0 0.809 0.274879 0.784175 0.034061 0.079423 0 0.7995 0.310256 0.810878 0.036092 0.091029 0 0.785 0.796297 0.486783 0.022586 0.058022 10 0.7689 0.251443 0.477520 0.109355 0.161545 2 0.7539 0.821648 0.472930 0.026198 0.056448 1 0.6983 0.229939 0.775315 0.029282 0.074946 0 0.6586 0.411205 0.971469 0.056721 0.057062 10 0.6509 0.209224 0.430301 0.100768 0.128404 0 0.642 0.757465 0.910706 0.037891 0.104946 0 0.6256 0.311952 0.960458 0.059226 0.079085 0 0.5763 0.231112 0.637698 0.023969 0.068537 0 0.5036 0.040482 0.891937 0.060161 0.119931 1 0.3823 0.402059 0.521702 0.020854 0.049408 0 0.3159 0.494646 0.397682 0.020567 0.049806 1 0.2378 0.252011 0.722937 0.031216 0.073407
CCTV01^20260318-110000-20260318-120000_000246,6 0.929 0.352579 0.481139 0.094356 0.149124 7 0.9092 0.353595 0.869673 0.081471 0.152229 3 0.9053 0.525028 0.879233 0.068201 0.188737 10 0.8971 0.186526 0.594474 0.213604 0.226884 3 0.8769 0.230346 0.728825 0.063203 0.109080 10 0.8678 0.103707 0.522302 0.155265 0.184471 10 0.8655 0.209095 0.432421 0.100493 0.134556 3 0.8599 0.274933 0.760638 0.056385 0.117264 3 0.852 0.292047 0.632826 0.063954 0.078354 2 0.844 0.918883 0.646021 0.062792 0.126856 0 0.8243 0.929997 0.725073 0.041593 0.092864 0 0.8179 0.312618 0.916033 0.046301 0.117560 2 0.8161 0.675976 0.478416 0.027952 0.066936 0 0.7254 0.394291 0.541873 0.027976 0.066485 0 0.6965 0.171090 0.728557 0.039647 0.096102 0 0.6904 0.830780 0.460691 0.021535 0.062108 1 0.6651 0.185632 0.883524 0.028858 0.085440 2 0.6555 0.989112 0.827851 0.021035 0.117045 2 0.6287 0.467775 0.432809 0.027632 0.056444 1 0.6154 0.832020 0.670741 0.020872 0.081924 0 0.6135 0.241281 0.821711 0.037476 0.094755 1 0.546 0.319737 0.562757 0.020211 0.055934 1 0.5052 0.491937 0.461593 0.016680 0.049347 0 0.4781 0.323874 0.686793 0.031721 0.088092 0 0.4554 0.289238 0.818361 0.036730 0.094023 0 0.4476 0.444758 0.469551 0.018717 0.051679 0 0.364 0.349963 0.553865 0.027436 0.071660 0 0.3459 0.420336 0.491498 0.019660 0.058811 2 0.3225 0.133968 0.858424 0.045769 0.120447
CCTV01^20260318-110000-20260318-120000_000250,10 0.9053 0.847441 0.655142 0.168738 0.286415 3 0.8986 0.271779 0.888314 0.072715 0.154947 3 0.8972 0.266483 0.756455 0.059970 0.115455 3 0.8959 0.524951 0.879346 0.068320 0.187325 10 0.8874 0.304884 0.505336 0.167050 0.165278 6 0.8818 0.408677 0.410888 0.075310 0.115477 10 0.8757 0.103095 0.517864 0.152065 0.175365 7 0.8736 0.313108 0.590078 0.038610 0.084206 6 0.862 0.100862 0.831093 0.200489 0.297791 10 0.8544 0.207564 0.434389 0.100145 0.136459 2 0.8498 0.298142 0.652498 0.042288 0.081755 3 0.8495 0.489230 0.452746 0.034463 0.056630 2 0.8417 0.242562 0.691161 0.041708 0.079013 0 0.8416 0.335277 0.854128 0.039446 0.096824 2 0.8251 0.926218 0.648748 0.049415 0.124551 0 0.7718 0.321308 0.729393 0.031561 0.080275 0 0.7585 0.164447 0.875013 0.040607 0.106796 0 0.7574 0.400884 0.494723 0.027340 0.062070 0 0.6726 0.324403 0.660578 0.027455 0.075313 1 0.6355 0.453841 0.443706 0.015765 0.049835 10 0.5988 0.102275 0.704567 0.204550 0.283188 2 0.5657 0.229277 0.613764 0.029992 0.080556 5 0.3751 0.082695 0.943962 0.091293 0.112076 0 0.3681 0.798820 0.453119 0.024430 0.058139 1 0.2514 0.646869 0.469860 0.017159 0.051606
CCTV01^20260318-110000-20260318-120000_000255,6 0.9249 0.395463 0.492182 0.100483 0.132013 3 0.9025 0.308688 0.815707 0.064554 0.123135 3 0.8965 0.354339 0.946594 0.107103 0.106813 3 0.8942 0.524963 0.879930 0.069314 0.188965 3 0.883 0.737112 0.567963 0.056708 0.112673 10 0.8802 0.267442 0.546376 0.156791 0.188698 10 0.88 0.103593 0.520178 0.155738 0.181362 2 0.8766 0.920313 0.649237 0.060303 0.124167 10 0.8623 0.207752 0.432985 0.099429 0.134046 0 0.8512 0.772092 0.489110 0.028915 0.059338 0 0.829 0.252498 0.886706 0.036563 0.094995 1 0.8241 0.907727 0.729196 0.037958 0.071764 2 0.7787 0.249711 0.693799 0.034469 0.095126 5 0.7784 0.301280 0.694531 0.053994 0.110362 1 0.7423 0.380253 0.850474 0.034779 0.083019 7 0.7382 0.851018 0.635993 0.049189 0.126827 0 0.7363 0.219771 0.740047 0.033150 0.094998 5 0.7161 0.301072 0.603883 0.081485 0.102296 1 0.6901 0.246897 0.796504 0.030316 0.079535 3 0.6683 0.490036 0.442647 0.039466 0.058639 1 0.6668 0.621160 0.473380 0.016382 0.053880 10 0.614 0.422272 0.402021 0.099608 0.120299 2 0.6061 0.198687 0.838497 0.043978 0.098176 7 0.6041 0.207380 0.943161 0.086944 0.113677 2 0.5599 0.470296 0.478640 0.027388 0.052801 0 0.4848 0.135744 0.968820 0.041803 0.062360 10 0.4558 0.052554 0.859941 0.105108 0.280118 0 0.2934 0.185407 0.777374 0.032471 0.083703 0 0.2569 0.337423 0.620991 0.029044 0.066248 1 0.2279 0.134925 0.968454 0.040586 0.063091 1 0.2075 0.123321 0.771021 0.038102 0.072306
CCTV01^20260318-110000-20260318-120000_000259,10 0.9074 0.078140 0.729193 0.139847 0.317888 3 0.9056 0.525297 0.879731 0.069256 0.189319 10 0.8915 0.207275 0.431062 0.099020 0.132205 3 0.89 0.267403 0.840839 0.060612 0.128638 3 0.8845 0.295771 0.634260 0.062524 0.082906 2 0.8752 0.283731 0.715033 0.040140 0.097363 10 0.8734 0.104000 0.514604 0.155876 0.172396 3 0.8724 0.201693 0.769770 0.061765 0.129594 10 0.8658 0.417457 0.410256 0.101322 0.128718 2 0.8642 0.920564 0.653152 0.062341 0.126871 2 0.8561 0.331205 0.759131 0.040428 0.098050 7 0.8486 0.256613 0.540929 0.043523 0.070467 2 0.8328 0.819278 0.722781 0.038677 0.095110 3 0.8218 0.506294 0.441217 0.035334 0.063133 0 0.8168 0.236752 0.612006 0.030909 0.074006 0 0.8052 0.756688 0.496966 0.023460 0.065565 0 0.7918 0.978910 0.836784 0.042139 0.114233 2 0.7888 0.809919 0.553513 0.026275 0.069898 1 0.7759 0.345994 0.553429 0.023459 0.053865 1 0.7757 0.346033 0.823668 0.029083 0.076125 0 0.7493 0.320689 0.481482 0.024271 0.056255 3 0.7193 0.375261 0.594539 0.063206 0.071303 0 0.7071 0.217936 0.580201 0.025955 0.056967 3 0.6991 0.451986 0.480260 0.042049 0.048423 2 0.6559 0.434998 0.456430 0.041237 0.064521 7 0.5229 0.309712 0.941039 0.121551 0.117921 1 0.4274 0.291939 0.486509 0.016840 0.047233 3 0.3849 0.088285 0.981744 0.089306 0.036512 1 0.3196 0.362643 0.442737 0.017344 0.048506 1 0.2058 0.816781 0.506131 0.015776 0.048362 1 0.2054 0.320866 0.662323 0.017225 0.060115
CCTV01^20260318-110000-20260318-120000_000263,9 0.9379 0.278606 0.634027 0.067500 0.151416 3 0.905 0.177524 0.801678 0.070075 0.114312 3 0.8928 0.525110 0.879274 0.069898 0.191614 10 0.8906 0.207736 0.426644 0.099536 0.122394 3 0.8808 0.254867 0.799093 0.063540 0.113844 10 0.8796 0.152122 0.589682 0.133018 0.223980 4 0.8554 0.397247 0.534928 0.052686 0.086400 10 0.8498 0.103984 0.524512 0.158013 0.191112 6 0.8363 0.400558 0.457423 0.065281 0.096396 0 0.8335 0.787197 0.720852 0.028281 0.094060 3 0.8294 0.443157 0.479452 0.042909 0.051300 0 0.8234 0.306687 0.487022 0.024746 0.060902 0 0.816 0.787039 0.619094 0.028260 0.081613 0 0.8032 0.329678 0.648127 0.026823 0.074950 0 0.793 0.736277 0.617064 0.028236 0.080914 0 0.791 0.263913 0.546046 0.028213 0.059660 2 0.7901 0.485037 0.445040 0.026677 0.056151 1 0.7853 0.353046 0.497934 0.019792 0.052824 0 0.7592 0.856814 0.639664 0.031874 0.081981 9 0.7574 0.927493 0.893182 0.129039 0.213636 1 0.7092 0.215475 0.658485 0.023898 0.068828 0 0.673 0.903045 0.653552 0.023947 0.082447 3 0.5796 0.211072 0.958863 0.084341 0.082274 1 0.495 0.240591 0.606901 0.022055 0.060990 3 0.4644 0.471441 0.411783 0.040377 0.052123 9 0.4571 0.333432 0.919324 0.067684 0.149840 3 0.4378 0.509440 0.412640 0.029287 0.051297 4 0.3943 0.333754 0.917453 0.067724 0.146338 3 0.3604 0.117524 0.950810 0.102012 0.098380 1 0.202 0.394863 0.388872 0.017952 0.041598
CCTV01^20260318-110000-20260318-120000_000267,3 0.9047 0.312169 0.669503 0.063234 0.090245 10 0.9024 0.769188 0.603765 0.124885 0.255070 10 0.8976 0.254134 0.488960 0.140477 0.171517 3 0.8969 0.524886 0.879096 0.068437 0.190459 4 0.8659 0.362009 0.575480 0.047767 0.100272 3 0.8642 0.367234 0.510841 0.060065 0.068861 3 0.8635 0.419823 0.461925 0.042654 0.055994 0 0.8608 0.250104 0.837668 0.035689 0.094125 10 0.8544 0.105095 0.516292 0.153023 0.175056 0 0.8401 0.234956 0.745520 0.034168 0.089342 3 0.836 0.622802 0.403701 0.029893 0.067139 7 0.8234 0.741618 0.879249 0.060781 0.211470 9 0.818 0.456790 0.473378 0.048197 0.078340 0 0.816 0.348267 0.925269 0.045996 0.101239 10 0.8049 0.671545 0.389166 0.056855 0.133070 10 0.8034 0.094833 0.724450 0.189666 0.309242 10 0.7744 0.208572 0.433009 0.101515 0.135044 0 0.7732 0.860981 0.514785 0.023305 0.066423 0 0.7439 0.175156 0.734862 0.039249 0.087367 3 0.7357 0.480399 0.434783 0.033089 0.048422 0 0.7346 0.207211 0.678204 0.033153 0.072080 5 0.7243 0.304307 0.584021 0.061076 0.100882 1 0.7146 0.818655 0.930541 0.029589 0.094588 0 0.7131 0.236683 0.628635 0.031870 0.071586 1 0.6984 0.685166 0.612287 0.023426 0.071354 3 0.6524 0.401189 0.534947 0.042447 0.066784 4 0.6331 0.845448 0.604553 0.033165 0.081185 5 0.5941 0.109601 0.817746 0.102884 0.135935 2 0.5512 0.980306 0.727444 0.039183 0.097468 0 0.5354 0.794533 0.746543 0.035547 0.094663 2 0.5335 0.027477 0.916751 0.054954 0.119623 2 0.5244 0.109522 0.818982 0.103863 0.137741 0 0.5099 0.918567 0.975810 0.044166 0.048381 0 0.4384 0.304701 0.511721 0.031354 0.061055 3 0.3757 0.362489 0.431826 0.032843 0.065688
CCTV01^20260318-110000-20260318-120000_000271,10 0.9147 0.819494 0.645676 0.160199 0.282425 10 0.9064 0.146281 0.643515 0.190933 0.263568 3 0.8982 0.737585 0.893964 0.064686 0.158008 3 0.8913 0.524784 0.878638 0.069271 0.190639 3 0.8886 0.729463 0.494296 0.034902 0.072646 3 0.8842 0.710569 0.605260 0.054603 0.097687 10 0.8829 0.207327 0.432968 0.100478 0.142621 3 0.8701 0.387685 0.564508 0.049789 0.077211 7 0.8658 0.231462 0.756406 0.051190 0.141314 10 0.8649 0.345117 0.433534 0.134030 0.142737 10 0.8563 0.105402 0.524331 0.156126 0.190234 6 0.8498 0.863648 0.539788 0.087805 0.180873 0 0.8434 0.304513 0.850122 0.038854 0.109993 2 0.8355 0.346865 0.499826 0.047115 0.082481 0 0.832 0.257392 0.873298 0.040094 0.101766 3 0.8127 0.470897 0.479694 0.039298 0.057850 0 0.8012 0.905102 0.943337 0.043370 0.102853 0 0.7913 0.265491 0.570362 0.023957 0.061231 1 0.7763 0.305187 0.621183 0.026090 0.063964 2 0.774 0.980073 0.729697 0.039792 0.087209 1 0.773 0.894864 0.861142 0.026859 0.087826 0 0.7688 0.307271 0.538585 0.021421 0.060682 2 0.7608 0.438098 0.462461 0.026590 0.060060 11 0.6393 0.631380 0.420351 0.036387 0.101754 1 0.5977 0.317572 0.963834 0.038539 0.072332 2 0.5906 0.789487 0.457085 0.024498 0.054767 2 0.5463 0.021343 0.952545 0.042342 0.094910 0 0.5461 0.630025 0.568376 0.024075 0.059793 3 0.4752 0.473572 0.432882 0.038807 0.048685 0 0.4562 0.257581 0.519443 0.020440 0.058057 7 0.3933 0.346651 0.500093 0.046928 0.083648 2 0.3547 0.764236 0.442792 0.020878 0.053086 1 0.2625 0.381685 0.517168 0.022844 0.043633 4 0.2415 0.510386 0.397098 0.032077 0.058253
CCTV01^20260318-110000-20260318-120000_000275,6 0.9612 0.908969 0.635313 0.116214 0.237985 9 0.9338 0.722113 0.622266 0.077081 0.171387 10 0.8912 0.229118 0.566150 0.175765 0.212800 10 0.8849 0.250687 0.806614 0.124649 0.375583 3 0.8821 0.524566 0.878867 0.072008 0.191330 10 0.8812 0.208268 0.427816 0.104291 0.127720 3 0.8747 0.666890 0.581988 0.041125 0.083646 10 0.8673 0.103768 0.522209 0.155508 0.186656 3 0.8627 0.658598 0.518171 0.045820 0.065445 2 0.8516 0.863610 0.880722 0.043461 0.112422 2 0.8505 0.360087 0.467243 0.031346 0.069895 3 0.8237 0.489493 0.428545 0.036587 0.053970 10 0.805 0.412730 0.394880 0.123135 0.123324 2 0.7552 0.921008 0.824480 0.045231 0.112190 3 0.6998 0.429667 0.470683 0.047873 0.063018 0 0.6799 0.338305 0.842240 0.033714 0.110253 0 0.677 0.338367 0.611232 0.026608 0.075327 1 0.6602 0.394602 0.551229 0.024782 0.062865 1 0.6467 0.752965 0.521678 0.019811 0.060444 3 0.5623 0.853441 0.971754 0.078447 0.056492 1 0.519 0.390857 0.979319 0.041684 0.041362 6 0.5108 0.803142 0.711643 0.072331 0.211463 0 0.464 0.322555 0.490204 0.019237 0.050767 5 0.4581 0.802650 0.715389 0.072163 0.217681 0 0.4565 0.881603 0.812339 0.042073 0.105525 1 0.3875 0.317154 0.963231 0.030634 0.073086 0 0.2515 0.887567 0.718703 0.044277 0.089281 1 0.2194 0.326421 0.674532 0.022797 0.069201
CCTV01^20260318-110000-20260318-120000_000279,11 0.9106 0.746324 0.531380 0.099104 0.186954 10 0.9063 0.164771 0.779943 0.168459 0.363923 3 0.8995 0.930104 0.877229 0.097478 0.167713 3 0.8949 0.732727 0.708054 0.056292 0.120885 3 0.8948 0.752156 0.946878 0.073307 0.106245 3 0.8828 0.525379 0.879577 0.071192 0.192153 10 0.8815 0.363070 0.455338 0.124963 0.144297 3 0.8803 0.238789 0.920713 0.074331 0.147685 10 0.8793 0.299860 0.641043 0.120201 0.265976 3 0.8724 0.768003 0.842848 0.060843 0.147335 10 0.8696 0.176291 0.610927 0.196319 0.249648 10 0.8606 0.104713 0.528690 0.158204 0.194596 10 0.8529 0.208237 0.432954 0.103221 0.136658 2 0.822 0.811164 0.459736 0.025277 0.057086 9 0.7908 0.841810 0.896883 0.102400 0.206233 0 0.7857 0.329967 0.773932 0.032604 0.098022 0 0.7759 0.334447 0.869115 0.037652 0.081255 10 0.7594 0.489509 0.347570 0.080161 0.108551 3 0.6255 0.380144 0.945666 0.106523 0.108667 1 0.6229 0.304997 0.824614 0.025599 0.075800 1 0.5187 0.252040 0.804900 0.029350 0.077742 1 0.471 0.224528 0.822971 0.024826 0.074700 2 0.3738 0.905738 0.635476 0.041042 0.095724 0 0.3389 0.976841 0.982783 0.044857 0.034433
CCTV01^20260318-110000-20260318-120000_000283,10 0.9092 0.819165 0.692648 0.146371 0.317137 10 0.8913 0.486243 0.405111 0.081850 0.131875 10 0.8858 0.271568 0.602206 0.154801 0.248366 10 0.8765 0.208842 0.429751 0.104277 0.132967 3 0.8756 0.327046 0.839426 0.073935 0.123857 3 0.8754 0.524511 0.879263 0.072532 0.194458 10 0.871 0.103567 0.521117 0.155453 0.187949 3 0.871 0.268869 0.764605 0.072271 0.117580 10 0.8617 0.361777 0.455154 0.124447 0.155656 3 0.8556 0.158964 0.938583 0.090339 0.122834 3 0.8083 0.365719 0.599089 0.066886 0.083573 2 0.8061 0.948486 0.843288 0.044912 0.116521 2 0.7866 0.229787 0.956860 0.048872 0.086279 2 0.745 0.951178 0.665093 0.040208 0.083061 3 0.6832 0.802012 0.505843 0.038752 0.073775 0 0.6762 0.309355 0.691352 0.030335 0.076984 0 0.6668 0.254137 0.892480 0.040421 0.111083 1 0.6549 0.220390 0.836826 0.030822 0.080647 11 0.645 0.671293 0.469648 0.049418 0.122798 2 0.5732 0.703530 0.470135 0.023057 0.060152 1 0.549 0.431954 0.474581 0.018969 0.055335 5 0.3932 0.335725 0.966628 0.134230 0.066744
CCTV01^20260318-110000-20260318-120000_000287,10 0.8982 0.174060 0.726243 0.186761 0.331511 3 0.8961 0.760011 0.681713 0.052187 0.117705 5 0.8939 0.312297 0.823531 0.070417 0.156057 10 0.891 0.462056 0.420302 0.102981 0.142801 10 0.8848 0.307719 0.532232 0.170600 0.179362 3 0.8829 0.525167 0.880083 0.071662 0.191547 3 0.8707 0.313642 0.679319 0.051160 0.094285 10 0.8687 0.207964 0.434336 0.102552 0.140819 6 0.8641 0.330326 0.934023 0.166472 0.131955 2 0.8606 0.229910 0.865862 0.042589 0.119795 10 0.8523 0.103517 0.521678 0.157134 0.183324 3 0.8523 0.692902 0.472994 0.039474 0.068194 3 0.8415 0.247202 0.776128 0.073005 0.112243 2 0.8321 0.900953 0.716149 0.059337 0.138863 9 0.8256 0.739725 0.868653 0.113088 0.262695 3 0.7943 0.160154 0.957711 0.088280 0.084577 11 0.7873 0.739962 0.869019 0.112297 0.261961 0 0.7829 0.795855 0.468034 0.022008 0.059067 1 0.7771 0.786879 0.840218 0.029856 0.091466 0 0.7736 0.424531 0.897653 0.050751 0.110139 1 0.6137 0.634807 0.424309 0.014705 0.047331 1 0.4824 0.615775 0.421820 0.016913 0.046829 10 0.4031 0.411436 0.416814 0.111870 0.149131
CCTV01^20260318-110000-20260318-120000_000291,6 0.9575 0.286428 0.895796 0.123286 0.207549 3 0.8966 0.843050 0.841572 0.089263 0.150055 3 0.8918 0.524966 0.879406 0.071206 0.189794 5 0.8878 0.374992 0.578418 0.059912 0.097753 10 0.8869 0.429548 0.442456 0.113825 0.143908 10 0.8727 0.303993 0.566104 0.153839 0.221098 10 0.8725 0.208433 0.435082 0.102223 0.139173 3 0.8713 0.219005 0.848772 0.074436 0.131617 0 0.8702 0.651782 0.840460 0.035141 0.128536 3 0.8564 0.317675 0.836680 0.064342 0.115069 5 0.8505 0.224733 0.705485 0.075201 0.126131 3 0.8488 0.475454 0.472792 0.042606 0.058452 10 0.8482 0.103963 0.518418 0.153877 0.176975 3 0.8477 0.140455 0.949829 0.078456 0.100342 10 0.8407 0.112027 0.623447 0.215455 0.252861 0 0.8115 0.345335 0.761319 0.040558 0.086042 0 0.808 0.270532 0.746140 0.032496 0.075618 0 0.8064 0.312600 0.706642 0.034609 0.092319 2 0.7723 0.261215 0.710261 0.039399 0.096728 0 0.7711 0.893624 0.657804 0.035417 0.091913 1 0.7312 0.841918 0.662756 0.022356 0.078246 3 0.7266 0.677203 0.449453 0.038709 0.082020 0 0.709 0.962246 0.675424 0.030998 0.093233 0 0.3887 0.794636 0.472131 0.019042 0.052737 10 0.3875 0.049758 0.872367 0.099495 0.255267 1 0.3809 0.660047 0.394712 0.013260 0.042825 1 0.3276 0.327332 0.622167 0.030147 0.068573
CCTV01^20260318-110000-20260318-120000_000295,6 0.9543 0.261720 0.866581 0.118360 0.248560 6 0.9232 0.819817 0.637017 0.073408 0.233616 5 0.9115 0.399803 0.544808 0.048369 0.092495 3 0.9026 0.348580 0.861097 0.082061 0.120028 3 0.9014 0.153857 0.883925 0.069131 0.141702 10 0.9013 0.143168 0.704684 0.180945 0.293252 3 0.8909 0.525156 0.879354 0.071269 0.190810 10 0.8891 0.448178 0.428113 0.103300 0.137118 10 0.8842 0.348808 0.518481 0.130152 0.192911 3 0.8732 0.302806 0.753543 0.051687 0.108727 10 0.8705 0.240055 0.523422 0.165081 0.170051 10 0.8592 0.103509 0.526953 0.155234 0.194954 0 0.8574 0.651259 0.844513 0.038155 0.128857 2 0.8526 0.262199 0.682671 0.035829 0.095609 10 0.8491 0.210152 0.433772 0.103403 0.139007 5 0.8461 0.283684 0.623831 0.078873 0.105065 0 0.8454 0.756878 0.604537 0.026983 0.078337 3 0.8373 0.050239 0.928548 0.098164 0.137704 3 0.8177 0.481911 0.464660 0.041573 0.055061 2 0.7896 0.354112 0.943315 0.048749 0.103374 0 0.6683 0.300692 0.659871 0.029562 0.080320 3 0.6476 0.987589 0.900709 0.024822 0.160060 0 0.612 0.227933 0.691961 0.028050 0.074227 3 0.5691 0.112179 0.977373 0.086091 0.045254 3 0.5093 0.210834 0.982939 0.089285 0.034122 2 0.499 0.378478 0.988285 0.054070 0.023429 1 0.2358 0.835886 0.502240 0.029620 0.058038
CCTV01^20260318-110000-20260318-120000_000299,6 0.9454 0.256461 0.856370 0.110471 0.244663 3 0.9043 0.421630 0.934026 0.093915 0.131949 3 0.8954 0.743853 0.809903 0.059785 0.141580 3 0.8838 0.525045 0.879121 0.070865 0.191404 5 0.8815 0.066396 0.843759 0.121368 0.160872 10 0.8802 0.235266 0.578976 0.147407 0.222032 3 0.8778 0.326088 0.814381 0.077513 0.110571 3 0.8733 0.955645 0.868456 0.088709 0.152248 10 0.8688 0.208762 0.432974 0.103000 0.136034 3 0.8686 0.158470 0.733835 0.080771 0.103102 3 0.8685 0.165830 0.836364 0.062205 0.124393 10 0.8683 0.102532 0.520984 0.152680 0.185064 3 0.8608 0.300181 0.722233 0.046396 0.096094 10 0.8608 0.352048 0.444214 0.119057 0.151528 10 0.8577 0.423778 0.432655 0.097375 0.133129 0 0.8277 0.648680 0.841096 0.038989 0.126167 2 0.8277 0.258883 0.656997 0.033326 0.094076 3 0.8247 0.478704 0.467666 0.039327 0.061677 5 0.812 0.370796 0.521713 0.055242 0.083659 2 0.8111 0.358376 0.955789 0.048529 0.088422 0 0.7959 0.228536 0.681864 0.030178 0.077965 2 0.7882 0.335154 0.886312 0.048440 0.100615 0 0.7771 0.301871 0.638443 0.028002 0.077820 3 0.7494 0.117070 0.944811 0.065019 0.110378 0 0.7403 0.791123 0.560741 0.024736 0.069004 0 0.7282 0.772174 0.685294 0.027326 0.087636 3 0.7161 0.503777 0.429410 0.033669 0.054095 6 0.6699 0.849147 0.903856 0.091349 0.192288 0 0.66 0.869092 0.576278 0.030019 0.070212 1 0.5968 0.888983 0.637695 0.023796 0.084257 3 0.4399 0.210442 0.984511 0.078591 0.030978 0 0.2922 0.388753 0.540071 0.026110 0.065628
CCTV01^20260318-110000-20260318-120000_000303,6 0.931 0.246683 0.766378 0.071663 0.202872 5 0.8991 0.492025 0.427222 0.037313 0.069013 5 0.8987 0.130816 0.750565 0.093285 0.140328 3 0.8924 0.524998 0.878554 0.071688 0.187468 10 0.8922 0.308831 0.498879 0.123661 0.174612 3 0.8916 0.124598 0.914069 0.067331 0.140943 3 0.8914 0.176518 0.787169 0.058878 0.116750 3 0.8786 0.353059 0.822166 0.078238 0.117079 10 0.8729 0.157466 0.627312 0.191508 0.257882 3 0.8721 0.757139 0.930124 0.062936 0.139753 10 0.8669 0.104807 0.526621 0.155529 0.198430 10 0.8663 0.208595 0.433065 0.102939 0.134984 0 0.8613 0.651108 0.837892 0.035184 0.126939 3 0.8361 0.211091 0.671903 0.081106 0.091978 3 0.8288 0.400131 0.542883 0.041823 0.068312 0 0.8199 0.335542 0.878268 0.042337 0.113455 2 0.8183 0.327720 0.624154 0.035580 0.084966 0 0.8144 0.691543 0.857417 0.032930 0.139503 0 0.8118 0.904295 0.703281 0.034351 0.093739 2 0.8017 0.309130 0.679844 0.036853 0.090375 0 0.7887 0.307153 0.913524 0.038080 0.115667 3 0.7791 0.382386 0.514400 0.047556 0.061342 10 0.776 0.409925 0.401837 0.104424 0.133374 3 0.7683 0.227529 0.940079 0.069592 0.119479 1 0.7531 0.858017 0.793507 0.026798 0.090832 2 0.6895 0.269829 0.593310 0.030574 0.068766 0 0.5952 0.830756 0.488514 0.023801 0.060666 3 0.5897 0.270172 0.666962 0.056965 0.086586 0 0.5171 0.346219 0.974418 0.056584 0.051164 0 0.3775 0.271857 0.968588 0.045435 0.062823 1 0.3047 0.127555 0.814696 0.036053 0.065708
CCTV01^20260318-110000-20260318-120000_000307,3 0.9117 0.156196 0.801825 0.071022 0.115080 5 0.9112 0.241488 0.633864 0.087376 0.105427 10 0.9052 0.821709 0.662740 0.148427 0.304557 3 0.8974 0.382699 0.874046 0.095722 0.147043 3 0.8917 0.816285 0.847242 0.086609 0.160328 3 0.8891 0.524785 0.878559 0.069765 0.190595 3 0.8874 0.216582 0.886369 0.070651 0.166925 3 0.8853 0.140516 0.926212 0.075972 0.136773 10 0.8781 0.208422 0.430151 0.102564 0.132401 10 0.8774 0.206756 0.581051 0.182201 0.220413 10 0.8682 0.103440 0.519922 0.154432 0.181510 10 0.8533 0.337925 0.480304 0.122041 0.177909 3 0.8515 0.413952 0.481724 0.047170 0.059913 3 0.8449 0.257174 0.764292 0.060903 0.112203 3 0.8433 0.256968 0.681107 0.074898 0.090395 3 0.8311 0.333037 0.649526 0.055023 0.089264 0 0.8299 0.274276 0.859860 0.038909 0.116706 10 0.8174 0.464455 0.357917 0.090667 0.101926 3 0.807 0.386525 0.562395 0.058053 0.074677 2 0.8066 0.096449 0.763831 0.043095 0.097479 0 0.7895 0.308797 0.838280 0.040274 0.092728 0 0.7868 0.737779 0.876494 0.075142 0.112530 1 0.735 0.707783 0.557748 0.020160 0.060920 1 0.731 0.158606 0.706486 0.043791 0.073754 0 0.7306 0.432677 0.967495 0.055203 0.065011 2 0.7293 0.887751 0.566709 0.035946 0.068956 0 0.6964 0.372864 0.955196 0.041234 0.089608 1 0.6767 0.194741 0.711032 0.031033 0.070411 0 0.6349 0.335097 0.970640 0.045020 0.058720 6 0.6324 0.455122 0.420018 0.036153 0.087660 1 0.5948 0.706651 0.501474 0.017979 0.050209 0 0.5916 0.310017 0.924760 0.035410 0.091731 0 0.5103 0.315870 0.578662 0.037627 0.065888 7 0.4882 0.660437 0.450563 0.049827 0.098344 1 0.4613 0.776516 0.475208 0.016557 0.041222 0 0.4607 0.902754 0.634335 0.034250 0.077514 3 0.3969 0.746660 0.965250 0.071351 0.069499 0 0.3764 0.305428 0.716153 0.031805 0.097833 2 0.3322 0.329050 0.543388 0.040138 0.067290 0 0.2592 0.309180 0.905282 0.038752 0.124814
CCTV01^20260318-110000-20260318-120000_000311,11 0.9243 0.862162 0.635805 0.127126 0.207606 3 0.9015 0.761315 0.854687 0.076071 0.165283 3 0.8891 0.524895 0.878488 0.067032 0.189008 3 0.8867 0.171527 0.779695 0.066586 0.111159 3 0.8828 0.246415 0.764853 0.068572 0.131700 10 0.8778 0.310470 0.495022 0.137462 0.176654 10 0.8698 0.208749 0.431569 0.101001 0.132787 3 0.868 0.308217 0.591809 0.070308 0.079570 10 0.862 0.095239 0.656671 0.179549 0.262030 10 0.8386 0.104204 0.526765 0.156208 0.198345 3 0.8341 0.257463 0.658199 0.084788 0.098975 2 0.833 0.745892 0.607816 0.034125 0.078500 0 0.8288 0.348543 0.910987 0.043493 0.113706 0 0.8257 0.266940 0.829133 0.040605 0.112637 5 0.824 0.465787 0.463182 0.042079 0.069172 0 0.8173 0.301673 0.805142 0.040035 0.092549 3 0.815 0.323571 0.756173 0.069279 0.110733 10 0.8142 0.400193 0.426415 0.102717 0.157700 0 0.8103 0.763116 0.533411 0.022513 0.064939 0 0.7848 0.308339 0.914672 0.044994 0.106050 0 0.7689 0.330575 0.971539 0.050726 0.056923 3 0.7533 0.360147 0.609983 0.057157 0.071729 0 0.7479 0.356518 0.836638 0.042397 0.099898 0 0.746 0.399323 0.930292 0.040032 0.100710 1 0.7451 0.833926 0.796918 0.023379 0.083616 1 0.7334 0.838674 0.911019 0.030273 0.106669 0 0.6595 0.417146 0.479660 0.024640 0.060304 1 0.6547 0.401030 0.529200 0.028854 0.056162 0 0.622 0.361784 0.534027 0.030190 0.062000 1 0.4786 0.189942 0.691318 0.024203 0.059358 9 0.4256 0.938307 0.928667 0.123385 0.142665 3 0.4165 0.487680 0.428577 0.031860 0.049399 0 0.2585 0.393648 0.477573 0.018556 0.054403
CCTV01^20260318-110000-20260318-120000_000315,10 0.9132 0.120018 0.793677 0.222732 0.374336 3 0.8888 0.231330 0.801027 0.061104 0.113142 3 0.883 0.524770 0.879674 0.069353 0.191586 10 0.8799 0.207823 0.433419 0.102865 0.137216 3 0.8789 0.250236 0.916343 0.067132 0.140023 0 0.8722 0.865121 0.802933 0.043869 0.111021 0 0.855 0.878099 0.888119 0.037371 0.123926 10 0.8393 0.370547 0.439110 0.115125 0.149502 2 0.8375 0.811309 0.678415 0.035248 0.090876 0 0.821 0.310125 0.943075 0.047121 0.112370 10 0.8208 0.103346 0.526203 0.153175 0.195477 10 0.8042 0.138267 0.590585 0.142249 0.204362 3 0.7953 0.176793 0.946507 0.057519 0.106986 3 0.7885 0.308549 0.693683 0.046664 0.110245 3 0.7817 0.305133 0.579538 0.065370 0.067588 0 0.7503 0.279492 0.791457 0.033827 0.080412 3 0.7297 0.336289 0.609582 0.066424 0.084516 0 0.7119 0.249973 0.601792 0.031737 0.072204 3 0.6975 0.495692 0.442433 0.033447 0.048773 0 0.6968 0.413893 0.470112 0.019205 0.056146 3 0.6746 0.448461 0.473409 0.042348 0.051522 1 0.6525 0.750383 0.486647 0.018093 0.052710 0 0.5501 0.974983 0.769776 0.041969 0.104872 0 0.5394 0.280936 0.966069 0.042058 0.067863 0 0.4966 0.806987 0.475823 0.021298 0.055076 3 0.4853 0.484860 0.483459 0.045432 0.051921 0 0.453 0.361194 0.530533 0.031204 0.068922 0 0.4375 0.351584 0.785295 0.049419 0.076333 5 0.3661 0.495538 0.405060 0.036515 0.058705 2 0.3315 0.856305 0.591735 0.032939 0.078439 0 0.3314 0.395189 0.475750 0.019189 0.054245 0 0.318 0.236443 0.629455 0.032815 0.074893 0 0.3105 0.268751 0.489474 0.027970 0.054165 1 0.2929 0.705855 0.482427 0.015861 0.050254 0 0.2541 0.855637 0.591446 0.032329 0.076988
CCTV01^20260318-110000-20260318-120000_000319,10 0.9041 0.798830 0.745291 0.134862 0.355947 10 0.8958 0.239079 0.634915 0.175476 0.261570 3 0.8913 0.699023 0.728336 0.057309 0.130376 3 0.8875 0.135790 0.841986 0.088866 0.131846 10 0.8845 0.208468 0.426984 0.101126 0.124460 3 0.8829 0.186392 0.885356 0.058293 0.143539 3 0.8754 0.524717 0.877818 0.070070 0.189026 3 0.8543 0.249514 0.810804 0.056051 0.126132 10 0.8407 0.104205 0.519955 0.154856 0.180678 3 0.8273 0.300716 0.682393 0.070140 0.096428 3 0.8224 0.128129 0.959958 0.089385 0.080084 3 0.7969 0.482184 0.435548 0.037928 0.054141 0 0.7818 0.932159 0.661265 0.030075 0.077507 0 0.75 0.868637 0.561997 0.027023 0.067175 0 0.7435 0.312869 0.782934 0.042346 0.072332 10 0.7394 0.466399 0.363596 0.092743 0.111054 3 0.7371 0.411723 0.479882 0.043158 0.054301 2 0.723 0.071379 0.860468 0.055469 0.118772 3 0.7083 0.421070 0.433507 0.033790 0.045378 0 0.6829 0.229339 0.921420 0.044239 0.121242 3 0.682 0.509236 0.397649 0.032748 0.052752 10 0.6726 0.160658 0.566979 0.135306 0.215493 3 0.668 0.447090 0.475995 0.039673 0.057854 0 0.6186 0.309210 0.719277 0.030101 0.075134 1 0.4743 0.645606 0.465018 0.024004 0.047063 0 0.4623 0.257448 0.982672 0.039019 0.034657 10 0.441 0.124305 0.533683 0.195206 0.190473 10 0.4397 0.225097 0.562504 0.168421 0.219421 0 0.3602 0.291006 0.819165 0.031460 0.073737
CCTV01^20260318-110000-20260318-120000_000323,5 0.9155 0.751079 0.826076 0.079479 0.196327 10 0.899 0.686071 0.471497 0.082616 0.194175 10 0.8957 0.337608 0.523224 0.130872 0.194456 3 0.8829 0.206313 0.932915 0.068080 0.128825 3 0.8773 0.525153 0.879284 0.070527 0.193129 3 0.8623 0.261881 0.717820 0.052720 0.084740 10 0.8502 0.351503 0.875462 0.179459 0.249076 2 0.8262 0.893472 0.915721 0.057527 0.123073 3 0.8185 0.149718 0.866125 0.063631 0.144490 3 0.8101 0.206368 0.743757 0.055507 0.099424 10 0.7944 0.187011 0.525350 0.120295 0.167465 0 0.7831 0.207833 0.813413 0.037078 0.098891 10 0.7588 0.079664 0.801379 0.159328 0.318198 0 0.7397 0.194698 0.670581 0.042661 0.077957 0 0.7362 0.299886 0.640627 0.026456 0.076636 3 0.7331 0.258586 0.648716 0.062195 0.078054 0 0.712 0.233528 0.594149 0.027898 0.071971 1 0.6941 0.816430 0.925861 0.030319 0.091300 0 0.6275 0.834431 0.574348 0.029555 0.072248 0 0.4562 0.256248 0.969016 0.042217 0.061967
CCTV01^20260318-110000-20260318-120000_000327,6 0.9463 0.325370 0.785643 0.112336 0.298837 10 0.898 0.785405 0.739713 0.150530 0.372559 3 0.8892 0.176613 0.782493 0.085098 0.132030 10 0.8735 0.254170 0.536135 0.185214 0.185242 3 0.87 0.219873 0.884815 0.071918 0.144450 3 0.8545 0.524753 0.878326 0.071910 0.194330 2 0.8347 0.911260 0.922495 0.053714 0.131220 0 0.7943 0.258798 0.909433 0.041856 0.112120 0 0.7885 0.283284 0.941842 0.041856 0.116316 1 0.7882 0.845427 0.690333 0.031115 0.080421 0 0.7606 0.235634 0.771177 0.041566 0.086881 3 0.7278 0.292617 0.583076 0.068327 0.076917 3 0.6781 0.137623 0.945040 0.069553 0.109920 2 0.6741 0.953444 0.656857 0.042253 0.087257 1 0.5467 0.702148 0.892360 0.035153 0.111221 0 0.4155 0.206101 0.959992 0.058284 0.080016
CCTV01^20260318-110000-20260318-120000_000331,10 0.9101 0.792954 0.749308 0.166651 0.386354 3 0.8661 0.168410 0.860528 0.066486 0.120390 3 0.8644 0.525081 0.878128 0.071543 0.192328 10 0.8558 0.163625 0.672563 0.217110 0.286802 3 0.8352 0.322875 0.632273 0.066370 0.089486 0 0.8285 0.285603 0.883643 0.044313 0.107194 0 0.794 0.246941 0.853469 0.037681 0.099169 3 0.7493 0.283146 0.972627 0.105870 0.054747 3 0.7319 0.312263 0.803010 0.060531 0.111542 8 0.7015 0.352189 0.892130 0.087183 0.177242 3 0.6309 0.222008 0.719104 0.097010 0.112573 2 0.6162 0.224094 0.807453 0.046119 0.113499 10 0.5872 0.360783 0.478466 0.139435 0.164208 2 0.475 0.156120 0.952939 0.047729 0.094122 3 0.4127 0.792402 0.944167 0.095046 0.111666 5 0.3706 0.221891 0.718536 0.098781 0.115191
CCTV01^20260318-110000-20260318-120000_000335,10 0.912 0.807694 0.785116 0.180569 0.408671 8 0.8905 0.302995 0.915214 0.119531 0.169572 10 0.8818 0.357968 0.506992 0.145350 0.192075 3 0.8751 0.524735 0.879416 0.069140 0.188906 3 0.8732 0.885784 0.686782 0.053008 0.110796 3 0.872 0.211179 0.762139 0.065964 0.098956 3 0.8687 0.235400 0.869126 0.057134 0.132746 3 0.845 0.167546 0.748807 0.072126 0.102062 8 0.8117 0.292233 0.675686 0.049473 0.109187 2 0.8096 0.708618 0.562772 0.030086 0.076478 2 0.7555 0.335959 0.749850 0.046692 0.096953 2 0.744 0.289477 0.763384 0.043545 0.087311 3 0.6968 0.966138 0.967403 0.067641 0.065194 11 0.6393 0.389304 0.893353 0.132020 0.192775 10 0.5572 0.953399 0.824910 0.093203 0.345124 0 0.5244 0.252804 0.692040 0.031589 0.064064 2 0.3348 0.218849 0.655695 0.037192 0.083712 4 0.2458 0.249482 0.588628 0.084589 0.084150
CCTV01^20260318-110000-20260318-120000_000339,8 0.8978 0.301482 0.914115 0.125762 0.171769 3 0.8965 0.221207 0.741445 0.071033 0.099767 3 0.8545 0.524876 0.879480 0.070345 0.194660 3 0.842 0.739334 0.729031 0.066573 0.165709 3 0.8274 0.235203 0.847142 0.060859 0.131460 10 0.8231 0.905330 0.743691 0.188404 0.356844 8 0.823 0.160378 0.634079 0.112894 0.117378 2 0.7914 0.902498 0.882255 0.056747 0.116065 8 0.782 0.298440 0.649677 0.048183 0.108141 10 0.7472 0.172028 0.578336 0.203167 0.218960 11 0.7471 0.362520 0.855577 0.111068 0.194984 0 0.6951 0.279628 0.788206 0.045250 0.084044 2 0.6855 0.280247 0.725992 0.039895 0.074022 7 0.6681 0.366527 0.519560 0.074431 0.086278 1 0.649 0.685468 0.698903 0.025471 0.083084 3 0.53 0.198821 0.705631 0.070274 0.101323 7 0.4786 0.300411 0.558408 0.063411 0.090269 1 0.2176 0.648932 0.453847 0.021328 0.057718
CCTV01^20260318-110000-20260318-120000_000343,8 0.8785 0.301536 0.911273 0.124295 0.177453 8 0.8766 0.169256 0.631690 0.105042 0.119998 3 0.866 0.756958 0.801317 0.073723 0.186198 10 0.8641 0.246118 0.536197 0.192275 0.206422 3 0.8449 0.240948 0.706413 0.067379 0.105906 3 0.8417 0.525161 0.877445 0.071698 0.192753 8 0.8235 0.320579 0.600779 0.071681 0.122337 11 0.8053 0.359900 0.839204 0.116197 0.179092 3 0.7731 0.236786 0.835261 0.055576 0.106845 2 0.748 0.283696 0.703342 0.044755 0.096171 2 0.6623 0.319908 0.682445 0.040934 0.079901 0 0.6111 0.976330 0.891580 0.047341 0.136976 10 0.6006 0.349300 0.412716 0.146254 0.138928 6 0.3495 0.864386 0.905059 0.179307 0.189881 7 0.1764 0.418591 0.492486 0.053887 0.072030 7 0.1436 0.416936 0.462964 0.062216 0.070037
CCTV01^20260318-110000-20260318-120000_000347,4 0.8775 0.691006 0.590174 0.061005 0.118845 10 0.8713 0.425297 0.426410 0.129515 0.152832 3 0.8712 0.842071 0.915075 0.067787 0.169851 3 0.8536 0.249509 0.752507 0.060532 0.115838 3 0.8491 0.524941 0.878024 0.071142 0.192531 8 0.8477 0.302598 0.906641 0.122843 0.186718 6 0.8396 0.751513 0.509071 0.101167 0.205646 8 0.832 0.285930 0.548582 0.100819 0.126923 11 0.794 0.358954 0.841659 0.119681 0.193693 8 0.7759 0.200680 0.544828 0.087559 0.136510 2 0.6295 0.233611 0.662758 0.041532 0.088602 3 0.3645 0.832707 0.644281 0.053143 0.112151 0 0.2581 0.951384 0.740799 0.042140 0.081960
CCTV01^20260318-110000-20260318-120000_000351,10 0.8977 0.305488 0.635593 0.152940 0.257025 10 0.8968 0.748996 0.559877 0.126366 0.237319 10 0.8799 0.157974 0.707821 0.192227 0.336059 8 0.8709 0.301439 0.906049 0.126196 0.187902 8 0.8397 0.728876 0.750181 0.061644 0.165336 3 0.8206 0.525044 0.876708 0.071856 0.195106 11 0.7854 0.358949 0.841352 0.117275 0.185032 8 0.7582 0.450153 0.422410 0.059617 0.091989 7 0.6774 0.029324 0.908115 0.058611 0.154052 0 0.6653 0.178005 0.914738 0.046793 0.105214 7 0.6559 0.743330 0.906125 0.068429 0.183770 0 0.6186 0.222292 0.921601 0.042947 0.100961 3 0.5321 0.068729 0.940881 0.115335 0.118238 2 0.4232 0.908231 0.963274 0.074668 0.073451
CCTV01^20260318-110000-20260318-120000_000355,10 0.8932 0.741151 0.560665 0.115076 0.258246 11 0.8804 0.309255 0.661317 0.064247 0.158107 8 0.8694 0.730397 0.770538 0.065892 0.180896 3 0.8624 0.186509 0.781481 0.081268 0.121962 3 0.8494 0.166524 0.922966 0.096607 0.153577 3 0.8435 0.818020 0.848777 0.086173 0.164419 3 0.8384 0.523997 0.878600 0.075061 0.197528 10 0.8355 0.337575 0.504367 0.144048 0.192284 8 0.8318 0.257046 0.740369 0.073712 0.158914 8 0.6984 0.875649 0.774416 0.098505 0.213180 7 0.6761 0.318280 0.876581 0.182890 0.246837 4 0.6147 0.048199 0.815381 0.096398 0.152237 10 0.4259 0.456265 0.410310 0.091409 0.145646 7 0.3644 0.875666 0.773665 0.097519 0.214080 7 0.3469 0.741806 0.919936 0.081424 0.157260 0 0.2814 0.966198 0.835591 0.060912 0.134685 7 0.1611 0.046837 0.821455 0.092993 0.151195
CCTV01^20260318-110000-20260318-120000_000359,8 0.9069 0.323272 0.591537 0.085398 0.160917 10 0.8952 0.810215 0.722225 0.161264 0.367954 3 0.8585 0.250518 0.672713 0.074035 0.088316 3 0.8566 0.179026 0.755593 0.088106 0.130107 2 0.8438 0.428331 0.917772 0.066302 0.142793 3 0.826 0.524639 0.876823 0.074043 0.195675 3 0.8253 0.098818 0.869281 0.102545 0.167316 8 0.7885 0.730246 0.827995 0.066558 0.190885 6 0.7566 0.295795 0.853263 0.146458 0.293474 2 0.7411 0.710429 0.686410 0.036503 0.099033 7 0.6779 0.295490 0.853900 0.146809 0.292199 10 0.5392 0.375688 0.434671 0.143583 0.157803 4 0.3479 0.201240 0.857465 0.070617 0.164216
CCTV01^20260318-110000-20260318-120000_000363,6 0.9698 0.288071 0.788992 0.090697 0.276473 10 0.8846 0.705760 0.518629 0.105423 0.242524 3 0.86 0.758028 0.688565 0.051997 0.113315 10 0.8552 0.884834 0.818565 0.223709 0.362870 2 0.8382 0.182209 0.881818 0.065253 0.156222 3 0.836 0.525111 0.878093 0.076082 0.197866 2 0.8084 0.681820 0.932198 0.048629 0.133825 3 0.8075 0.091047 0.835877 0.096182 0.120790 8 0.7995 0.742516 0.880549 0.075617 0.201382 10 0.7988 0.192249 0.618206 0.203070 0.269878 0 0.4984 0.357275 0.907847 0.071779 0.124372
CCTV01^20260318-110000-20260318-120000_000367,6 0.9345 0.280418 0.704722 0.087377 0.245800 10 0.8747 0.881655 0.834129 0.218230 0.331743 3 0.8545 0.752949 0.659363 0.069938 0.119942 3 0.8451 0.371053 0.882767 0.107135 0.144819 3 0.8235 0.523535 0.878067 0.075691 0.194847 5 0.8186 0.819755 0.615167 0.057369 0.127950 4 0.7994 0.190625 0.646925 0.079285 0.108281 8 0.7617 0.743262 0.882534 0.073796 0.202971 2 0.7568 0.185703 0.741834 0.055335 0.128446 2 0.5805 0.681904 0.935541 0.048905 0.123136
CCTV01^20260318-110000-20260318-120000_000371,5 0.8984 0.261439 0.783357 0.079761 0.152937 9 0.8543 0.151574 0.801600 0.167839 0.396800 8 0.8523 0.336260 0.773283 0.096746 0.166552 3 0.8487 0.321676 0.640684 0.064247 0.096604 5 0.8362 0.853500 0.857076 0.068738 0.230122 3 0.8318 0.524388 0.877595 0.078211 0.198491 3 0.7729 0.246063 0.602551 0.060332 0.089221 2 0.6011 0.307730 0.940126 0.056508 0.119747 0 0.5102 0.695725 0.875891 0.052495 0.125894 12 0.4583 0.216827 0.953575 0.047724 0.092850 12 0.3519 0.255061 0.923189 0.049671 0.144957
CCTV01^20260318-110000-20260318-120000_000375,4 0.9385 0.364526 0.879317 0.104373 0.209292 10 0.877 0.366962 0.489535 0.133347 0.194039 3 0.8762 0.116887 0.922275 0.123590 0.155451 5 0.8745 0.281431 0.705230 0.081078 0.139950 3 0.8283 0.524430 0.877925 0.077592 0.200944 3 0.8181 0.120053 0.748485 0.088408 0.129290 2 0.8119 0.289123 0.814919 0.044460 0.117172 5 0.6522 0.677920 0.522772 0.048091 0.114683 0 0.6417 0.181719 0.783186 0.042141 0.119101 0 0.6218 0.803429 0.705490 0.047081 0.093875 2 0.5448 0.228987 0.794147 0.048587 0.123294 1 0.2399 0.203035 0.876421 0.036373 0.091047
CCTV01^20260318-110000-20260318-120000_000379,4 0.8999 0.325490 0.732111 0.079031 0.162716 3 0.8776 0.144456 0.890447 0.091691 0.164942 3 0.8748 0.241176 0.721958 0.079792 0.111811 10 0.8716 0.154624 0.599962 0.218814 0.229343 3 0.8443 0.900207 0.819046 0.115494 0.174880 3 0.8269 0.756280 0.665451 0.065277 0.122902 3 0.8263 0.325955 0.920092 0.079063 0.158543 3 0.8031 0.523739 0.877811 0.079678 0.201588 2 0.6864 0.803498 0.910388 0.048197 0.145699 0 0.429 0.228254 0.872748 0.043063 0.110798 3 0.3646 0.305467 0.584072 0.072100 0.098355
CCTV01^20260318-110000-20260318-120000_000383,5 0.8934 0.182614 0.883999 0.093547 0.187594 10 0.8634 0.160167 0.667925 0.178288 0.279022 3 0.8471 0.304391 0.592415 0.071208 0.089300 3 0.845 0.524516 0.878455 0.074397 0.196724 3 0.8432 0.254679 0.759400 0.077921 0.110178 3 0.8407 0.320023 0.659453 0.059891 0.080713 3 0.8371 0.305405 0.818577 0.061831 0.107642 2 0.8351 0.329271 0.728289 0.055396 0.104050 5 0.6634 0.239953 0.680896 0.094241 0.127241 3 0.3989 0.243512 0.965496 0.086386 0.069008 0 0.356 0.296795 0.881581 0.057202 0.115286 10 0.3525 0.407410 0.442783 0.127713 0.155335
CCTV01^20260318-110000-20260318-120000_000387,3 0.8772 0.173258 0.812079 0.076401 0.120867 3 0.8735 0.167381 0.927410 0.104871 0.145179 3 0.8604 0.258871 0.915120 0.070730 0.154985 3 0.8567 0.318980 0.616991 0.060714 0.080422 3 0.8559 0.316415 0.691699 0.054293 0.098916 0 0.8303 0.349793 0.799696 0.051302 0.108730 10 0.8281 0.870353 0.850811 0.209403 0.298377 3 0.806 0.523770 0.877686 0.078054 0.199663 3 0.7704 0.085302 0.934299 0.100298 0.131402 3 0.764 0.271836 0.538057 0.058147 0.081286 2 0.7593 0.970226 0.758851 0.059548 0.162809 9 0.5813 0.252246 0.700723 0.079335 0.128732 1 0.4872 0.729932 0.846204 0.034042 0.103455 0 0.2605 0.277974 0.795212 0.043922 0.103456
CCTV01^20260318-110000-20260318-120000_000391,5 0.8889 0.316728 0.610960 0.085831 0.111141 3 0.8805 0.271645 0.832691 0.069054 0.123553 3 0.8596 0.164687 0.923280 0.086970 0.147798 9 0.856 0.167840 0.747865 0.089364 0.150649 3 0.8485 0.524119 0.877861 0.071975 0.193902 3 0.8275 0.227677 0.762405 0.077712 0.137313 3 0.8261 0.790709 0.611259 0.071250 0.115941 10 0.8147 0.174465 0.600254 0.170573 0.267199 3 0.7337 0.234623 0.637824 0.068548 0.098659 3 0.6969 0.306705 0.535262 0.054586 0.067888 3 0.6223 0.339693 0.548763 0.045958 0.061332 0 0.3951 0.310820 0.736967 0.035781 0.088205 5 0.3857 0.167820 0.747816 0.089937 0.151582 8 0.3848 0.310456 0.923676 0.097988 0.152648
CCTV01^20260318-110000-20260318-120000_000395,5 0.9119 0.439615 0.452722 0.051761 0.067968 10 0.903 0.168533 0.735802 0.226252 0.338147 3 0.8782 0.240808 0.924064 0.074340 0.151873 3 0.8641 0.524297 0.879423 0.073454 0.197934 0 0.8307 0.821887 0.803785 0.035642 0.106561 8 0.8278 0.307094 0.806219 0.061581 0.152421 3 0.7784 0.154097 0.941377 0.089025 0.117246 3 0.7716 0.264063 0.758766 0.079204 0.131706 5 0.7487 0.360691 0.949738 0.144652 0.100525 3 0.6986 0.485888 0.423150 0.041696 0.058086 3 0.6677 0.322743 0.652381 0.060190 0.085660 10 0.6584 0.225699 0.577559 0.191259 0.215859 0 0.4761 0.755904 0.556660 0.026468 0.055309 4 0.3876 0.717989 0.607446 0.060851 0.142476 4 0.3455 0.955049 0.797372 0.088186 0.148101 2 0.3177 0.806901 0.509979 0.024893 0.060371
CCTV01^20260318-110000-20260318-120000_000399,5 0.9036 0.307384 0.912758 0.113176 0.174484 3 0.87 0.168768 0.948961 0.114203 0.102079 2 0.8433 0.359176 0.817674 0.057445 0.119656 3 0.8374 0.768230 0.844794 0.074221 0.169227 3 0.8249 0.524364 0.877981 0.077115 0.201435 3 0.8173 0.215976 0.765393 0.065273 0.119679 2 0.7971 0.271013 0.723445 0.046372 0.108538 8 0.7959 0.302733 0.780144 0.057692 0.135158 10 0.7956 0.921580 0.820961 0.156841 0.358078 2 0.7458 0.808708 0.767501 0.041915 0.122298 10 0.4321 0.355519 0.530926 0.142621 0.219702
CCTV01^20260318-110000-20260318-120000_000403,5 0.8895 0.759676 0.852990 0.086823 0.218156 5 0.8862 0.261607 0.915105 0.121895 0.169790 3 0.8789 0.147922 0.932884 0.076770 0.134232 10 0.8769 0.238891 0.632263 0.191777 0.275364 5 0.8757 0.267757 0.780400 0.093707 0.147057 3 0.8529 0.312450 0.651931 0.071646 0.096911 3 0.8433 0.739901 0.695977 0.060488 0.109978 3 0.8273 0.523878 0.878590 0.078792 0.202190 0 0.7871 0.830630 0.866079 0.046542 0.140185 3 0.6473 0.847261 0.722842 0.058847 0.129119 3 0.5998 0.724326 0.525903 0.056461 0.089618 10 0.5893 0.286179 0.465929 0.147826 0.167520 5 0.4032 0.073458 0.773627 0.145038 0.234793 3 0.3822 0.780708 0.569995 0.043791 0.090775 4 0.2428 0.847763 0.722722 0.058817 0.128525
CCTV01^20260318-110000-20260318-120000_000407,3 0.858 0.686482 0.591473 0.055501 0.116886 5 0.8572 0.236567 0.767327 0.058733 0.160436 3 0.8377 0.166882 0.844419 0.072299 0.125625 3 0.8206 0.524690 0.878057 0.078211 0.197963 8 0.808 0.291034 0.877773 0.108805 0.214741 11 0.8071 0.144115 0.675850 0.130156 0.169798 3 0.7891 0.906549 0.933708 0.082873 0.132584 8 0.7692 0.297357 0.731085 0.062629 0.132749 3 0.7663 0.066771 0.894880 0.110384 0.153665 3 0.7354 0.415416 0.925531 0.127012 0.148937 11 0.3956 0.264814 0.566701 0.134198 0.182326 5 0.3402 0.285695 0.643041 0.072728 0.116377 8 0.1693 0.795203 0.927848 0.071251 0.144303
CCTV01^20260318-110000-20260318-120000_000412,5 0.907 0.338691 0.812233 0.093222 0.173001 5 0.8991 0.325429 0.567778 0.067142 0.109148 10 0.8887 0.752268 0.654175 0.136300 0.314030 3 0.8637 0.197041 0.765638 0.067512 0.117473 3 0.8282 0.134095 0.778818 0.080229 0.130461 3 0.8229 0.524208 0.878260 0.079216 0.201934 10 0.76 0.921761 0.848947 0.156478 0.302106 8 0.7362 0.291257 0.635264 0.051789 0.119356 3 0.6538 0.141262 0.875958 0.101019 0.141718 4 0.561 0.262681 0.728049 0.065645 0.156640 7 0.3492 0.240495 0.850464 0.068597 0.154989 5 0.3286 0.231442 0.643465 0.052087 0.108807 7 0.294 0.262689 0.728269 0.066420 0.155838 9 0.2794 0.231030 0.643338 0.052901 0.107719 1 0.2454 0.757685 0.893052 0.042089 0.124535
CCTV01^20260318-110000-20260318-120000_000420,3 0.8674 0.252495 0.847609 0.064822 0.142116 10 0.8438 0.290294 0.507441 0.149790 0.202559 3 0.836 0.523453 0.878122 0.077823 0.198483 2 0.723 0.104006 0.862682 0.075605 0.150337 3 0.5566 0.168511 0.704629 0.092357 0.096439 3 0.5545 0.169306 0.943578 0.077964 0.112844 3 0.4498 0.167384 0.733599 0.096070 0.155050 3 0.3801 0.168930 0.759857 0.096249 0.133012 5 0.3706 0.169534 0.763987 0.097560 0.129464 0 0.3426 0.262719 0.712188 0.040023 0.109398
CCTV01^20260318-110000-20260318-120000_000424,4 0.9434 0.249209 0.785630 0.060256 0.141349 3 0.8776 0.776846 0.686734 0.081610 0.121677 3 0.8691 0.178143 0.850198 0.067284 0.144751 3 0.8589 0.772518 0.837875 0.076358 0.166301 3 0.8519 0.325770 0.821198 0.078824 0.139284 3 0.8454 0.685746 0.576516 0.053384 0.098015 3 0.8421 0.276438 0.703453 0.083001 0.097325 3 0.8281 0.523703 0.878428 0.077376 0.201486 10 0.7957 0.778896 0.552617 0.122776 0.211926 5 0.6746 0.269842 0.626012 0.077179 0.094796 11 0.6468 0.163373 0.629029 0.195719 0.234194
CCTV01^20260318-110000-20260318-120000_000428,3 0.8753 0.175493 0.912619 0.090438 0.163830 3 0.8697 0.241209 0.693603 0.071007 0.108700 3 0.8683 0.267553 0.910042 0.076000 0.165504 5 0.8562 0.281057 0.741270 0.081120 0.152214 3 0.8293 0.523864 0.878361 0.077021 0.199946 3 0.8107 0.336282 0.559160 0.067147 0.073480 0 0.7285 0.741979 0.773115 0.039412 0.104447
CCTV01^20260318-110000-20260318-120000_000432,3 0.8746 0.259512 0.821443 0.065827 0.124659 3 0.8675 0.239771 0.692112 0.063193 0.102260 10 0.8661 0.131754 0.695745 0.173994 0.308432 6 0.8346 0.862101 0.600338 0.098055 0.231328 3 0.8308 0.523565 0.878353 0.076488 0.199218 3 0.8019 0.291258 0.697863 0.069425 0.131194 3 0.7733 0.328882 0.559913 0.061554 0.079143 3 0.7655 0.221529 0.936907 0.077069 0.126186 2 0.689 0.847173 0.725928 0.074060 0.154188 0 0.6698 0.793547 0.600166 0.030477 0.084047
CCTV01^20260318-110000-20260318-120000_000605,5 0.9211 0.525373 0.879501 0.069395 0.190513 10 0.9192 0.750647 0.809404 0.153041 0.381192 10 0.9064 0.631338 0.470083 0.065604 0.181503 10 0.8795 0.797581 0.684670 0.165402 0.319872 3 0.8766 0.257324 0.712001 0.066333 0.096815 10 0.8725 0.248819 0.563203 0.132281 0.204369 10 0.8709 0.317199 0.563270 0.111395 0.202078 2 0.8624 0.293709 0.773748 0.037706 0.106470 3 0.8371 0.313791 0.718577 0.045860 0.099987 2 0.8308 0.868618 0.954837 0.048957 0.090325 3 0.8186 0.467867 0.475690 0.042728 0.049274 3 0.8105 0.441262 0.455600 0.044709 0.043427 5 0.6101 0.489841 0.438142 0.035989 0.050258 3 0.5348 0.397126 0.498719 0.045692 0.056995 1 0.5197 0.241954 0.795491 0.021332 0.050946 10 0.4029 0.911592 0.586406 0.154824 0.253924 3 0.3941 0.465892 0.425116 0.032370 0.040605
CCTV01^20260318-110000-20260318-120000_000609,5 0.925 0.524605 0.880810 0.072004 0.192214 5 0.9074 0.326508 0.929398 0.080450 0.141205 3 0.8908 0.735826 0.868204 0.070692 0.146988 10 0.8898 0.688657 0.634603 0.122247 0.292779 10 0.8819 0.822154 0.607386 0.139564 0.255508 10 0.8646 0.416966 0.446900 0.106539 0.145983 7 0.8627 0.790556 0.731619 0.068181 0.120873 10 0.8594 0.727017 0.487154 0.078322 0.160859 10 0.8549 0.226141 0.692177 0.146316 0.287360 11 0.8516 0.279764 0.771063 0.089846 0.218242 3 0.8512 0.236267 0.964462 0.065327 0.071076 3 0.805 0.353104 0.561438 0.065324 0.069177 10 0.7718 0.634578 0.482952 0.072252 0.187094 2 0.7648 0.334762 0.633406 0.043014 0.091696 0 0.7545 0.345110 0.772237 0.032421 0.071104 3 0.7435 0.753455 0.402214 0.034864 0.052127 3 0.7353 0.504308 0.414129 0.032280 0.053256 5 0.6675 0.735598 0.964238 0.088769 0.071524 10 0.5851 0.188301 0.605712 0.155459 0.198168 3 0.5291 0.478859 0.409460 0.026906 0.043788 10 0.4709 0.303466 0.490576 0.100942 0.123577 1 0.2492 0.181736 0.977309 0.031184 0.045383 1 0.2011 0.134926 0.974638 0.029724 0.050724
CCTV01^20260318-110000-20260318-120000_000613,6 0.9329 0.692700 0.589173 0.087117 0.177119 5 0.9302 0.324719 0.917509 0.072376 0.164983 5 0.9185 0.524966 0.879873 0.070892 0.192484 3 0.9073 0.198104 0.816724 0.062788 0.120967 10 0.8948 0.137656 0.715528 0.185032 0.309860 10 0.8922 0.354853 0.521561 0.123673 0.182976 10 0.8901 0.748259 0.518794 0.088253 0.182663 10 0.8875 0.848435 0.669785 0.140861 0.305327 10 0.8775 0.620344 0.422896 0.051586 0.149366 10 0.8747 0.431994 0.397297 0.076988 0.102278 3 0.8739 0.237820 0.948581 0.065378 0.102838 6 0.8593 0.760915 0.329675 0.036546 0.080566 3 0.7749 0.634696 0.518819 0.038200 0.074688 3 0.7737 0.481689 0.422023 0.033326 0.045647 11 0.7718 0.280958 0.759102 0.083918 0.212666 0 0.7701 0.345547 0.773444 0.032543 0.064061 2 0.7447 0.108964 0.896118 0.061015 0.118151 10 0.5468 0.527441 0.330087 0.069546 0.098426 6 0.5312 0.683315 0.448505 0.040402 0.102442 4 0.4573 0.958677 0.954327 0.080864 0.091345 10 0.4485 0.300992 0.513352 0.134989 0.170978 1 0.3127 0.218564 0.713954 0.034203 0.068986 5 0.2979 0.678457 0.358082 0.027321 0.054475 1 0.2907 0.682995 0.828592 0.023935 0.054102
CCTV01^20260318-110000-20260318-120000_000617,5 0.9233 0.525444 0.880081 0.070710 0.191935 10 0.9023 0.854842 0.678985 0.143716 0.315296 6 0.8913 0.761233 0.331209 0.035633 0.081288 10 0.8889 0.659241 0.546068 0.092937 0.222460 5 0.8868 0.314070 0.669093 0.056838 0.116932 2 0.8818 0.955730 0.898695 0.068549 0.187373 3 0.879 0.723842 0.715482 0.065057 0.125885 10 0.8757 0.258820 0.516754 0.151473 0.187070 3 0.8684 0.324727 0.900096 0.091252 0.130392 10 0.8372 0.399258 0.425645 0.099569 0.128749 2 0.7999 0.309876 0.964449 0.067927 0.071103 2 0.6637 0.245444 0.780866 0.042675 0.100340 10 0.6097 0.675441 0.361364 0.044008 0.112834 6 0.5917 0.741950 0.596896 0.076161 0.162924 3 0.5296 0.418383 0.492701 0.052483 0.051516 5 0.501 0.698241 0.427256 0.032072 0.071310 10 0.4462 0.129192 0.815407 0.161752 0.367152 12 0.4143 0.222321 0.911331 0.092028 0.175002 11 0.4047 0.468878 0.415934 0.055584 0.083551 9 0.3918 0.255637 0.667567 0.059306 0.131054 3 0.3668 0.784178 0.834892 0.066695 0.107558 9 0.3376 0.221804 0.912901 0.091170 0.174197 1 0.3126 0.322154 0.735029 0.025048 0.075032
CCTV01^20260318-110000-20260318-120000_000621,6 0.9364 0.791319 0.706622 0.087796 0.205392 5 0.9266 0.525182 0.879679 0.069505 0.189925 6 0.92 0.760515 0.330813 0.035447 0.080941 10 0.9072 0.631061 0.480152 0.069255 0.192115 10 0.9067 0.882210 0.726226 0.171135 0.345812 10 0.9016 0.703671 0.673274 0.126856 0.305632 5 0.8996 0.209885 0.837529 0.078831 0.165418 3 0.8888 0.301036 0.871472 0.064935 0.139938 3 0.8762 0.143402 0.766847 0.071954 0.106642 12 0.873 0.306276 0.631429 0.074893 0.139116 2 0.861 0.286630 0.753857 0.039881 0.096020 2 0.8485 0.244073 0.740803 0.040011 0.095296 10 0.8343 0.314160 0.524661 0.151014 0.179820 10 0.7924 0.766408 0.549744 0.093192 0.188930 3 0.7882 0.131662 0.888417 0.079259 0.135781 2 0.7442 0.963873 0.918715 0.072254 0.162570 5 0.7427 0.501989 0.397273 0.037600 0.059839 10 0.7103 0.453708 0.374558 0.077080 0.110694 3 0.6999 0.248710 0.675458 0.051232 0.076020 3 0.6727 0.180943 0.972209 0.094000 0.055582 5 0.4929 0.706172 0.453223 0.032558 0.080487 3 0.4734 0.915423 0.611518 0.069998 0.095046
CCTV01^20260318-110000-20260318-120000_000625,5 0.9317 0.525240 0.880485 0.069570 0.192411 10 0.9149 0.757998 0.819687 0.151937 0.360626 3 0.9007 0.280181 0.893045 0.073925 0.144486 10 0.8983 0.898913 0.746765 0.196675 0.351148 3 0.8951 0.228686 0.835955 0.075785 0.145326 10 0.8935 0.408809 0.446806 0.117198 0.147703 3 0.8923 0.181924 0.802075 0.071285 0.116583 10 0.8863 0.660344 0.566095 0.108215 0.247349 5 0.8845 0.259037 0.674063 0.063555 0.120900 6 0.8824 0.760864 0.329637 0.038484 0.083308 10 0.8806 0.774896 0.574031 0.096655 0.209481 3 0.8656 0.307179 0.699756 0.054593 0.097391 2 0.8547 0.118976 0.817246 0.053646 0.114046 12 0.8399 0.352206 0.589908 0.090643 0.126531 2 0.7797 0.280595 0.568571 0.032573 0.075988 3 0.7781 0.102070 0.945690 0.094532 0.108621 3 0.6447 0.303237 0.518133 0.054026 0.060381 10 0.5444 0.097061 0.741804 0.194123 0.322032 5 0.2945 0.256481 0.979189 0.090471 0.041621
CCTV01^20260318-110000-20260318-120000_000629,5 0.9242 0.525479 0.880769 0.069506 0.192671 9 0.9211 0.345524 0.907900 0.074899 0.162057 5 0.9158 0.295334 0.761983 0.058529 0.140537 10 0.9044 0.900277 0.751586 0.199447 0.354665 3 0.9036 0.272006 0.920097 0.069716 0.159435 3 0.9017 0.213462 0.855157 0.078385 0.133847 10 0.9014 0.777431 0.844123 0.169186 0.311753 6 0.9007 0.792656 0.417168 0.051828 0.115517 10 0.8867 0.667703 0.584510 0.113571 0.256268 10 0.8864 0.299929 0.504135 0.140505 0.173362 3 0.8846 0.148963 0.836825 0.084533 0.113319 3 0.8786 0.323079 0.566284 0.058932 0.067915 3 0.8785 0.211777 0.712820 0.067881 0.098385 3 0.8638 0.326227 0.654342 0.057370 0.085749 10 0.8572 0.500268 0.363080 0.079476 0.103097 2 0.8569 0.174673 0.677828 0.043198 0.094850 5 0.8448 0.410743 0.469650 0.062934 0.070114 2 0.8186 0.214989 0.615616 0.032680 0.079566 3 0.7587 0.373177 0.548210 0.048361 0.064587 10 0.722 0.621584 0.373888 0.042617 0.127288 10 0.5355 0.125831 0.551446 0.158698 0.193992 10 0.4588 0.775573 0.585396 0.091350 0.218595 3 0.4411 0.462711 0.486418 0.043895 0.039622 12 0.2752 0.486943 0.429503 0.047295 0.082628
CCTV01^20260318-110000-20260318-120000_000633,5 0.943 0.463390 0.422375 0.043426 0.058040 12 0.9412 0.249756 0.658116 0.087076 0.150173 5 0.9249 0.525079 0.879674 0.070455 0.191661 10 0.9071 0.698901 0.685353 0.119217 0.331021 3 0.8942 0.378960 0.501553 0.047139 0.058248 5 0.8895 0.745452 0.920454 0.069491 0.159091 10 0.8886 0.125061 0.845702 0.168408 0.308595 10 0.8879 0.900200 0.765006 0.199601 0.379716 3 0.8863 0.246476 0.896207 0.067709 0.150552 3 0.8841 0.870529 0.900303 0.087065 0.167216 10 0.8828 0.626462 0.394973 0.052406 0.144253 3 0.8764 0.331757 0.574721 0.060706 0.073743 3 0.866 0.311415 0.536310 0.052250 0.059695 3 0.8575 0.343708 0.472448 0.043555 0.053040 3 0.8285 0.494270 0.443863 0.035221 0.047118 3 0.7443 0.393453 0.447868 0.028465 0.047894 3 0.7026 0.467300 0.475972 0.044633 0.050328 10 0.6753 0.723201 0.442236 0.115627 0.187598 6 0.6654 0.858821 0.529455 0.087889 0.164500 10 0.6564 0.464057 0.369775 0.081669 0.101404 3 0.5441 0.421190 0.481446 0.041437 0.053971 3 0.4842 0.313005 0.689777 0.061054 0.103343 9 0.45 0.296370 0.780537 0.068879 0.134693 5 0.3433 0.374500 0.588925 0.072876 0.094827
CCTV01^20260318-110000-20260318-120000_000637,5 0.9242 0.525254 0.880165 0.070135 0.190628 12 0.9063 0.332889 0.522754 0.077806 0.099414 10 0.9037 0.827843 0.773381 0.186479 0.383866 10 0.8986 0.655241 0.504501 0.075893 0.191164 3 0.8718 0.279098 0.716903 0.057781 0.106763 5 0.861 0.750704 0.540413 0.045872 0.091161 3 0.8517 0.489324 0.443534 0.037908 0.055846 12 0.8477 0.716848 0.842802 0.059254 0.172229 12 0.819 0.722569 0.621266 0.044374 0.126512 10 0.7885 0.111684 0.850237 0.216586 0.299525 10 0.7766 0.943630 0.835882 0.112739 0.295738 3 0.7689 0.345911 0.628844 0.053519 0.092563 3 0.7116 0.267307 0.895906 0.079172 0.162254 3 0.704 0.514120 0.406474 0.030646 0.044301 10 0.6837 0.730469 0.449976 0.109626 0.156769 5 0.6614 0.267332 0.895369 0.078949 0.163393 10 0.6269 0.329591 0.442157 0.103297 0.141305 3 0.439 0.392596 0.494485 0.047540 0.053682 5 0.3813 0.487392 0.390287 0.032383 0.051616 3 0.3811 0.393362 0.455068 0.048015 0.045198 7 0.3782 0.301602 0.605663 0.063667 0.087175 3 0.3754 0.708323 0.725355 0.054123 0.092858 3 0.3595 0.456028 0.489155 0.045237 0.034973
CCTV01^20260318-110000-20260318-120000_000641,5 0.9237 0.523923 0.880370 0.072726 0.190285 5 0.9095 0.292566 0.734287 0.068610 0.140331 10 0.9071 0.696152 0.678779 0.113229 0.326595 10 0.9036 0.222271 0.707814 0.167516 0.302904 10 0.8989 0.836310 0.790969 0.192005 0.394119 12 0.8915 0.391626 0.465623 0.063757 0.090400 5 0.8753 0.346265 0.624266 0.059274 0.099630 5 0.8582 0.478140 0.453535 0.039043 0.064712 10 0.7614 0.423533 0.378383 0.108786 0.106995 3 0.7304 0.632115 0.491015 0.036129 0.068869 3 0.6252 0.619942 0.409999 0.030298 0.055827
CCTV01^20260318-110000-20260318-120000_000645,5 0.9291 0.524286 0.880448 0.071909 0.191815 10 0.904 0.835548 0.792737 0.197653 0.395514 12 0.904 0.343895 0.841297 0.062686 0.149497 10 0.8982 0.699096 0.437440 0.052993 0.166729 10 0.8781 0.129224 0.838844 0.191579 0.322313 5 0.8779 0.332750 0.649253 0.065637 0.116543 3 0.869 0.707954 0.568016 0.053219 0.081752 3 0.865 0.667406 0.625715 0.046648 0.091727 3 0.8627 0.650543 0.551227 0.045499 0.074434 5 0.8579 0.486070 0.440438 0.038854 0.062835 3 0.8528 0.715164 0.839976 0.063265 0.162059 10 0.8522 0.264250 0.626355 0.151047 0.231464 12 0.8478 0.423576 0.435548 0.061847 0.091310 3 0.8328 0.709699 0.667394 0.047354 0.123826 6 0.8249 0.255126 0.864994 0.092211 0.270011 10 0.7332 0.490310 0.332500 0.071757 0.086833 10 0.6961 0.627816 0.377962 0.040656 0.149566 5 0.6133 0.368937 0.561682 0.048230 0.082319 3 0.577 0.462892 0.483878 0.052205 0.052281 3 0.5762 0.643261 0.502068 0.040962 0.059488
CCTV01^20260318-110000-20260318-120000_000649,5 0.9214 0.524715 0.880977 0.070779 0.192879 10 0.9064 0.836426 0.792169 0.195033 0.394986 10 0.8938 0.196239 0.721864 0.144597 0.322095 3 0.8876 0.249100 0.940582 0.064233 0.118837 3 0.8746 0.727305 0.850249 0.070381 0.155024 12 0.873 0.332271 0.815814 0.069898 0.135820 10 0.8573 0.695758 0.490907 0.056409 0.200120 6 0.8529 0.294174 0.691133 0.084033 0.197698 3 0.845 0.685283 0.682980 0.052913 0.116650 10 0.8197 0.636088 0.503726 0.056578 0.201770 10 0.8104 0.385664 0.495449 0.122852 0.164851 2 0.802 0.037969 0.803721 0.062732 0.120488 5 0.7753 0.369973 0.967638 0.067351 0.064724 3 0.6393 0.167968 0.948730 0.078722 0.102540 3 0.5168 0.464963 0.483382 0.043850 0.044448 1 0.2098 0.273342 0.840678 0.028310 0.049314
CCTV01^20260318-110000-20260318-120000_000654,10 0.9403 0.743644 0.806099 0.150464 0.387801 5 0.9259 0.524992 0.881255 0.069086 0.192856 10 0.9061 0.839295 0.793820 0.196624 0.401305 10 0.9017 0.290052 0.591410 0.166617 0.223446 3 0.8918 0.255863 0.870372 0.061522 0.134903 3 0.8913 0.329493 0.839296 0.069707 0.139593 3 0.8579 0.161848 0.903839 0.072154 0.157766 5 0.8279 0.218613 0.957483 0.083507 0.085034 10 0.7588 0.703023 0.512799 0.068782 0.216073 3 0.7143 0.221037 0.766827 0.057193 0.102769 5 0.6581 0.483698 0.448552 0.039441 0.066385 10 0.5608 0.641044 0.465418 0.049155 0.144721 12 0.5205 0.292843 0.732418 0.062277 0.115290
CCTV01^20260318-110000-20260318-120000_000658,5 0.9251 0.234270 0.907125 0.075519 0.185749 5 0.9226 0.525256 0.880229 0.069591 0.191512 10 0.9057 0.836017 0.791349 0.199752 0.398615 10 0.8764 0.387723 0.495575 0.127910 0.168839 10 0.8761 0.100907 0.788510 0.201815 0.355371 10 0.8718 0.702014 0.523252 0.061753 0.230196 3 0.8524 0.258464 0.781476 0.050009 0.112160 3 0.7921 0.248766 0.685144 0.060924 0.086602 3 0.7359 0.314079 0.727346 0.045041 0.117388 5 0.729 0.492909 0.434490 0.038819 0.063878 0 0.3246 0.360273 0.974334 0.048484 0.051333
CCTV01^20260318-110000-20260318-120000_000662,5 0.9242 0.524948 0.879980 0.070114 0.190475 10 0.914 0.885056 0.829864 0.229888 0.340272 5 0.9129 0.257828 0.799824 0.063756 0.158367 10 0.8889 0.701393 0.523986 0.060378 0.228979 10 0.8673 0.181021 0.687980 0.235270 0.306770 10 0.8452 0.451271 0.426820 0.098311 0.126794 5 0.71 0.770158 0.602199 0.049444 0.121588 3 0.4956 0.363475 0.867913 0.096456 0.141243 3 0.416 0.336164 0.642399 0.064368 0.086249
CCTV01^20260318-110000-20260318-120000_000666,5 0.9227 0.525189 0.880670 0.067970 0.189234 10 0.8793 0.720850 0.679542 0.102985 0.342903 10 0.8585 0.335937 0.559805 0.162153 0.229889 5 0.752 0.784311 0.662189 0.054653 0.139184 5 0.7426 0.265748 0.760284 0.059500 0.144319
CCTV01^20260318-110000-20260318-120000_000670,5 0.9174 0.525045 0.880041 0.070198 0.189614 10 0.8981 0.785927 0.821151 0.191048 0.357698 6 0.8856 0.673661 0.583713 0.079753 0.187437 5 0.8251 0.315454 0.640175 0.070867 0.113547 10 0.7936 0.167019 0.721245 0.161486 0.310369
CCTV01^20260318-110000-20260318-120000_000674,6 0.9234 0.695528 0.644305 0.087355 0.209745 5 0.9186 0.524849 0.877062 0.071176 0.179838 5 0.9111 0.320727 0.635880 0.070465 0.112614 10 0.8621 0.204477 0.654548 0.162426 0.251256 3 0.8326 0.721775 0.884799 0.062956 0.169903 3 0.8109 0.879306 0.854284 0.068887 0.150810
CCTV01^20260318-110000-20260318-120000_000725,4 0.9395 0.690866 0.513920 0.050925 0.099405 4 0.921 0.784425 0.647937 0.049743 0.109289 3 0.9122 0.186752 0.895370 0.081487 0.141133 3 0.9116 0.257044 0.921478 0.077784 0.150496 3 0.9064 0.743063 0.670155 0.059772 0.113055 3 0.8961 0.713876 0.869676 0.069376 0.159292 10 0.894 0.335372 0.471800 0.143008 0.152043 10 0.8939 0.063174 0.837081 0.126349 0.325838 3 0.889 0.316585 0.671290 0.061268 0.087833 10 0.8856 0.235122 0.611495 0.182943 0.246896 3 0.8826 0.357028 0.593181 0.070968 0.076430 3 0.8781 0.243567 0.745209 0.077512 0.102158 10 0.8752 0.428067 0.404753 0.098534 0.125790 3 0.8582 0.522978 0.871888 0.075663 0.193562 1 0.8555 0.704175 0.726025 0.052494 0.105054 10 0.848 0.624977 0.322542 0.033442 0.095928 3 0.8445 0.686847 0.648197 0.048025 0.094285 3 0.8438 0.733242 0.581324 0.044527 0.080319 2 0.8332 0.653961 0.561130 0.031297 0.074245 10 0.7664 0.676467 0.351725 0.047623 0.122043 0 0.7502 0.305226 0.792253 0.048154 0.082995 3 0.7383 0.726779 0.977537 0.071955 0.044925 3 0.6566 0.733451 0.509150 0.041234 0.083173 10 0.642 0.890190 0.840575 0.175485 0.318850 9 0.6116 0.676544 0.351543 0.047582 0.121334 3 0.5259 0.180447 0.978995 0.064791 0.042009 0 0.4595 0.924260 0.696278 0.046456 0.094329 1 0.4572 0.248296 0.808046 0.029605 0.079064 2 0.4529 0.795154 0.984415 0.061427 0.031171 1 0.3622 0.164065 0.777172 0.031933 0.074326 0 0.3375 0.788263 0.519541 0.025041 0.069802 4 0.2601 0.733708 0.510945 0.041480 0.086264
CCTV01^20260318-110000-20260318-120000_000729,3 0.9179 0.912323 0.840555 0.094051 0.152330 3 0.9075 0.834722 0.912039 0.095136 0.163419 10 0.9048 0.270702 0.584637 0.185156 0.225756 10 0.9014 0.685947 0.377199 0.055731 0.135791 10 0.8999 0.078771 0.806636 0.156357 0.386728 3 0.8991 0.737257 0.919303 0.077503 0.161393 3 0.8961 0.269369 0.703032 0.071629 0.094198 3 0.8914 0.822874 0.688846 0.079909 0.137991 10 0.8869 0.385383 0.436185 0.120457 0.147906 5 0.8857 0.758295 0.678931 0.072857 0.145332 3 0.8839 0.277137 0.925345 0.073111 0.149311 3 0.8765 0.148064 0.932975 0.088404 0.134050 3 0.8746 0.522266 0.871227 0.077349 0.195798 2 0.8737 0.883079 0.701937 0.053597 0.099579 10 0.8727 0.633619 0.369599 0.050773 0.118667 3 0.8716 0.188835 0.780015 0.071542 0.116508 3 0.8596 0.284142 0.801827 0.063962 0.105150 4 0.8569 0.820357 0.778155 0.053510 0.111739 2 0.851 0.700226 0.788978 0.043628 0.102672 2 0.8458 0.226500 0.817931 0.047750 0.108472 3 0.8413 0.342269 0.617697 0.058575 0.069936 10 0.7575 0.466720 0.369847 0.083550 0.112733 0 0.7241 0.704459 0.633982 0.032777 0.090210 3 0.6855 0.465050 0.436614 0.036616 0.050024 2 0.6575 0.981258 0.674202 0.037484 0.088864 1 0.6085 0.965016 0.745280 0.037372 0.090445 3 0.5431 0.492325 0.457028 0.041574 0.067384 3 0.3545 0.391877 0.560244 0.048186 0.059299
CCTV01^20260318-110000-20260318-120000_000733,4 0.9324 0.795094 0.921728 0.066456 0.156544 3 0.9201 0.176814 0.848757 0.086064 0.152061 3 0.9017 0.241496 0.921491 0.069089 0.156248 10 0.9006 0.289631 0.498841 0.146579 0.181717 10 0.8844 0.451949 0.411492 0.089811 0.134002 3 0.8834 0.275051 0.627599 0.076691 0.089871 2 0.8817 0.721895 0.933279 0.049629 0.130037 3 0.8771 0.523354 0.872199 0.073717 0.194574 10 0.8763 0.070441 0.627162 0.140882 0.245085 10 0.8677 0.737687 0.543172 0.140117 0.215313 2 0.8596 0.333451 0.756261 0.046498 0.098200 3 0.8559 0.214023 0.638596 0.070153 0.078081 2 0.8493 0.151620 0.699339 0.041597 0.091911 3 0.8264 0.923637 0.918684 0.080106 0.162632 1 0.8253 0.350669 0.923273 0.061833 0.132125 3 0.794 0.313702 0.689826 0.057175 0.079789 0 0.794 0.711849 0.791267 0.041121 0.107505 3 0.7618 0.397938 0.503580 0.058209 0.061507 3 0.7484 0.349766 0.608430 0.059119 0.077390 7 0.7271 0.294813 0.789863 0.059576 0.134711 3 0.6579 0.493363 0.440864 0.036482 0.049635 0 0.6562 0.357611 0.847195 0.042618 0.098951 3 0.6383 0.102111 0.973012 0.090380 0.053976 4 0.5989 0.777594 0.693855 0.064973 0.092260 0 0.5692 0.983860 0.845251 0.032183 0.128728 5 0.5487 0.923017 0.917038 0.077305 0.165925 0 0.4869 0.213168 0.711358 0.041843 0.094343 3 0.4623 0.821810 0.812058 0.100418 0.185095 12 0.2981 0.213204 0.709742 0.041157 0.096383 7 0.1559 0.633917 0.478469 0.043416 0.113247
CCTV01^20260318-110000-20260318-120000_000737,3 0.9132 0.276635 0.635780 0.072582 0.096969 10 0.9111 0.898110 0.805548 0.183363 0.388904 11 0.9092 0.746236 0.643285 0.112691 0.188946 4 0.9061 0.635016 0.511616 0.037066 0.073312 5 0.8948 0.234796 0.797271 0.072697 0.153827 3 0.892 0.080216 0.941934 0.091378 0.116133 3 0.8835 0.293639 0.712898 0.068007 0.103155 3 0.8763 0.312801 0.837720 0.079075 0.136413 3 0.8737 0.523675 0.871906 0.073848 0.194907 10 0.8701 0.409355 0.398896 0.110040 0.129146 3 0.8677 0.655322 0.603121 0.051954 0.093788 10 0.8526 0.792791 0.557255 0.125841 0.231855 2 0.849 0.337508 0.636226 0.039183 0.083944 3 0.8288 0.360552 0.547250 0.059856 0.079129 4 0.7978 0.193187 0.742541 0.065065 0.131009 7 0.7852 0.322017 0.459730 0.038129 0.069946 3 0.7827 0.425423 0.969913 0.104714 0.060174 3 0.6973 0.760259 0.820448 0.089677 0.226174 3 0.6817 0.180896 0.976405 0.078337 0.047190 1 0.6311 0.184969 0.848090 0.025770 0.085266 1 0.6005 0.224155 0.616530 0.027438 0.061860 1 0.5736 0.141892 0.807664 0.030496 0.085168 1 0.435 0.147297 0.906967 0.038975 0.094229 3 0.402 0.639680 0.466712 0.043663 0.066728 0 0.3778 0.222527 0.895606 0.046066 0.100726 0 0.3058 0.147267 0.907589 0.039037 0.095305 7 0.2039 0.192980 0.742565 0.063943 0.131177
CCTV01^20260318-110000-20260318-120000_000741,4 0.9186 0.673695 0.588634 0.054559 0.108306 3 0.9154 0.384846 0.904267 0.095619 0.150359 3 0.9134 0.068461 0.871944 0.105293 0.151479 4 0.9075 0.698870 0.742609 0.053290 0.132310 6 0.8971 0.355543 0.452012 0.093529 0.134389 10 0.8939 0.218244 0.529937 0.150859 0.195003 3 0.8837 0.768845 0.795366 0.066408 0.137826 3 0.8832 0.751202 0.671060 0.058038 0.106511 3 0.8818 0.701984 0.949764 0.080880 0.100471 2 0.8812 0.230124 0.780227 0.047280 0.106162 3 0.8801 0.302904 0.938899 0.076462 0.122202 3 0.876 0.304418 0.807714 0.069951 0.124592 3 0.8745 0.186239 0.947655 0.071763 0.104690 10 0.8732 0.807269 0.589116 0.133989 0.253683 3 0.8676 0.523662 0.871205 0.075060 0.195751 10 0.8653 0.081901 0.588186 0.135809 0.216006 3 0.8599 0.099984 0.947003 0.088631 0.105994 3 0.8592 0.262940 0.615622 0.062082 0.078722 3 0.8571 0.200378 0.730209 0.083173 0.108465 3 0.6344 0.474284 0.472442 0.047292 0.056274 10 0.6234 0.909487 0.820813 0.181025 0.352411 10 0.5914 0.476902 0.357557 0.104952 0.112286 5 0.5014 0.285175 0.676792 0.078135 0.126967 6 0.3748 0.129710 0.669741 0.078155 0.112818 0 0.3688 0.097133 0.758804 0.045921 0.079604
CCTV01^20260318-110000-20260318-120000_000745,4 0.9512 0.243610 0.795976 0.061633 0.139982 5 0.9142 0.131145 0.845244 0.071679 0.168620 10 0.8999 0.896164 0.778925 0.183961 0.395509 3 0.8967 0.206305 0.735223 0.077924 0.114314 3 0.8882 0.792934 0.872489 0.067258 0.159605 3 0.8823 0.046529 0.954327 0.088771 0.091346 3 0.8792 0.682471 0.556781 0.046851 0.093493 3 0.878 0.310089 0.680931 0.075960 0.115019 10 0.8722 0.089090 0.585870 0.145254 0.221806 10 0.8702 0.787387 0.522606 0.119246 0.211839 3 0.8657 0.523352 0.871425 0.074132 0.194766 3 0.8324 0.295579 0.621083 0.067651 0.076972 10 0.8285 0.346673 0.411455 0.117249 0.132931 3 0.7856 0.284159 0.567588 0.061790 0.080481 3 0.7777 0.026821 0.854716 0.053641 0.099297 4 0.7723 0.145019 0.945153 0.083345 0.109694 3 0.7377 0.037051 0.782524 0.073018 0.101953 4 0.7313 0.698055 0.722467 0.058663 0.180956 4 0.7049 0.335664 0.875419 0.111929 0.225272 9 0.6331 0.335144 0.876517 0.116573 0.228727 3 0.469 0.697916 0.722665 0.058728 0.184250 3 0.4339 0.376398 0.566265 0.062409 0.087502 9 0.4078 0.647728 0.461776 0.052289 0.120890 3 0.3881 0.786637 0.982511 0.082214 0.034977 4 0.2963 0.188927 0.841222 0.041023 0.115480 5 0.2915 0.432500 0.476751 0.054623 0.070145 0 0.2852 0.785700 0.980118 0.080250 0.039763 7 0.202 0.647934 0.460446 0.052964 0.121633
CCTV01^20260318-110000-20260318-120000_000749,4 0.9521 0.188986 0.735771 0.072260 0.133380 4 0.9252 0.257949 0.619383 0.050014 0.098233 4 0.9244 0.270042 0.846213 0.061825 0.159928 3 0.9216 0.128020 0.907632 0.101616 0.141404 3 0.9144 0.116294 0.797698 0.079519 0.111911 3 0.8974 0.241130 0.773929 0.072669 0.112785 3 0.8863 0.201091 0.918386 0.067321 0.157384 10 0.8839 0.776584 0.798074 0.132851 0.403804 3 0.8829 0.144550 0.702670 0.085277 0.090586 3 0.8775 0.523770 0.872185 0.073980 0.195242 3 0.8519 0.633680 0.452643 0.034367 0.077910 3 0.8512 0.296677 0.700734 0.052008 0.096175 10 0.839 0.388133 0.382680 0.116998 0.119483 3 0.8388 0.660639 0.535139 0.042242 0.077744 3 0.8177 0.343671 0.953356 0.073955 0.093288 3 0.8172 0.324310 0.780061 0.069039 0.153591 10 0.8109 0.108732 0.560432 0.142664 0.218533 4 0.7744 0.672636 0.645220 0.055932 0.122878 10 0.7553 0.752638 0.510745 0.082204 0.200223 3 0.7329 0.680929 0.475903 0.031984 0.066058 3 0.6876 0.210792 0.502766 0.037468 0.066680 5 0.6709 0.328566 0.535232 0.067707 0.088112 10 0.583 0.916583 0.827858 0.161671 0.344285 3 0.5062 0.346344 0.600499 0.085025 0.131400 9 0.4907 0.346234 0.599943 0.084634 0.130898 3 0.3887 0.674167 0.646156 0.052214 0.119838
CCTV01^20260318-110000-20260318-120000_000753,10 0.9082 0.668377 0.476373 0.075527 0.179342 3 0.9059 0.267093 0.915045 0.082220 0.161146 3 0.904 0.230497 0.797432 0.076870 0.124523 3 0.9038 0.170674 0.950914 0.098247 0.098171 10 0.8974 0.137581 0.629497 0.191914 0.262860 3 0.8929 0.211712 0.658318 0.075579 0.090798 3 0.8923 0.316987 0.782728 0.062898 0.113974 3 0.8921 0.342854 0.931267 0.074404 0.137466 3 0.8879 0.157159 0.865951 0.077478 0.134844 3 0.8836 0.714230 0.747891 0.065721 0.155462 10 0.8832 0.809834 0.632246 0.141437 0.272754 3 0.8727 0.132103 0.798338 0.085402 0.133885 3 0.8685 0.523871 0.872192 0.074203 0.196735 3 0.861 0.268405 0.582744 0.069108 0.071071 4 0.85 0.273576 0.675882 0.051051 0.113160 3 0.791 0.292679 0.612592 0.064764 0.078898 2 0.7594 0.684204 0.639018 0.033741 0.081890 10 0.7382 0.917775 0.826753 0.164286 0.346494 5 0.6692 0.339841 0.625281 0.064339 0.113690 9 0.4893 0.392404 0.548286 0.075831 0.110486 1 0.4842 0.801112 0.837698 0.029665 0.100100 3 0.4735 0.358912 0.531712 0.047909 0.065933 4 0.4477 0.339523 0.626087 0.063551 0.115011 4 0.2795 0.024562 0.949319 0.048628 0.101362
CCTV01^20260318-110000-20260318-120000_000757,3 0.9226 0.159675 0.922688 0.074141 0.154624 3 0.9067 0.136497 0.783605 0.068304 0.118795 3 0.9036 0.232991 0.801845 0.066824 0.118279 10 0.8971 0.839984 0.677515 0.172458 0.316235 10 0.8962 0.767276 0.817832 0.168283 0.364335 3 0.895 0.243740 0.914476 0.079679 0.156478 3 0.8939 0.316076 0.802931 0.068270 0.132990 3 0.8846 0.377905 0.573728 0.053924 0.076766 3 0.8828 0.204068 0.716496 0.063630 0.107477 3 0.8814 0.323796 0.666015 0.061209 0.104225 10 0.8802 0.358856 0.444882 0.141012 0.159068 4 0.8723 0.290104 0.612802 0.052379 0.111319 2 0.8722 0.045620 0.817153 0.059683 0.119710 3 0.8702 0.259194 0.704096 0.063344 0.102245 3 0.8622 0.212466 0.640506 0.056419 0.089553 3 0.8617 0.315706 0.540967 0.065643 0.078589 3 0.8555 0.523201 0.872953 0.075207 0.196616 3 0.8456 0.262572 0.596544 0.057360 0.084897 11 0.4912 0.644947 0.452424 0.045285 0.137615 0 0.4873 0.077428 0.974392 0.047882 0.051215 1 0.2809 0.158008 0.813403 0.039783 0.077786 4 0.1659 0.477901 0.443927 0.056751 0.082309
CCTV01^20260318-110000-20260318-120000_000761,4 0.9375 0.379905 0.919444 0.103188 0.158586 11 0.9231 0.733766 0.696378 0.097780 0.241937 3 0.9005 0.257238 0.729019 0.066943 0.115620 4 0.8918 0.318351 0.528817 0.049716 0.083086 10 0.8888 0.662685 0.512743 0.080983 0.207170 0 0.8881 0.353810 0.786596 0.051167 0.124941 10 0.8848 0.891550 0.757502 0.216463 0.378121 3 0.8842 0.262193 0.638072 0.072290 0.095123 10 0.88 0.434465 0.390181 0.111386 0.127988 3 0.8764 0.174033 0.801998 0.069093 0.132944 10 0.8741 0.159700 0.578874 0.170565 0.234302 3 0.8704 0.359173 0.477385 0.065358 0.067961 3 0.8682 0.270750 0.827246 0.075773 0.145396 3 0.8616 0.324162 0.639910 0.060939 0.103151 3 0.8556 0.523279 0.872404 0.076531 0.197730 3 0.8515 0.262086 0.567469 0.054848 0.075909 3 0.841 0.100414 0.936904 0.070919 0.126193 2 0.8043 0.765557 0.943380 0.064914 0.113241 1 0.792 0.801796 0.856365 0.035093 0.103510 3 0.7581 0.386897 0.531858 0.057881 0.071064 3 0.7401 0.414417 0.468867 0.053918 0.059716 3 0.6739 0.219335 0.921266 0.071280 0.154680 5 0.6668 0.477989 0.457169 0.046572 0.074540 3 0.6602 0.302151 0.503637 0.045981 0.069239 7 0.5891 0.016930 0.839802 0.033687 0.113366 4 0.3298 0.294689 0.937918 0.100659 0.124164 1 0.2272 0.919798 0.989193 0.037906 0.021614
CCTV01^20260318-110000-20260318-120000_000765,3 0.9107 0.308630 0.827371 0.089662 0.150847 5 0.8991 0.489403 0.439374 0.043669 0.069311 10 0.8934 0.717468 0.719845 0.129767 0.346730 10 0.8924 0.266359 0.459501 0.116514 0.146535 3 0.8872 0.290139 0.697376 0.057293 0.112125 3 0.8761 0.338120 0.612303 0.062023 0.083257 3 0.8747 0.224899 0.648690 0.068268 0.084946 3 0.8688 0.356212 0.526068 0.051578 0.069776 9 0.8556 0.047862 0.885609 0.095724 0.192132 3 0.8457 0.523485 0.872696 0.073948 0.192070 3 0.8451 0.298606 0.587780 0.065173 0.102732 10 0.8305 0.482335 0.358860 0.089257 0.111810 10 0.8107 0.714610 0.503465 0.114164 0.198599 10 0.8091 0.882141 0.827477 0.234218 0.345047 3 0.7409 0.389919 0.555279 0.057398 0.074168 3 0.6546 0.235719 0.704930 0.054092 0.108846 3 0.6532 0.126144 0.957060 0.103752 0.085881 10 0.5967 0.119779 0.549279 0.149027 0.201827 3 0.5521 0.231765 0.571785 0.067223 0.085930 4 0.4739 0.283758 0.518685 0.059435 0.080239 3 0.4361 0.284797 0.517762 0.061884 0.071231 4 0.4337 0.230989 0.570872 0.067228 0.086500 2 0.3909 0.428141 0.454967 0.049962 0.052465 3 0.3766 0.455621 0.486001 0.049682 0.047453 3 0.3589 0.410807 0.498227 0.046124 0.059277 8 0.3313 0.773384 0.938369 0.140570 0.123261 4 0.1957 0.058797 0.737726 0.100641 0.125176 4 0.1561 0.228088 0.769425 0.058322 0.092053
CCTV01^20260318-110000-20260318-120000_000769,3 0.8853 0.204860 0.871144 0.086492 0.145809 10 0.8801 0.316100 0.412777 0.106197 0.130256 3 0.8722 0.271274 0.899363 0.076966 0.148321 10 0.8673 0.879000 0.829134 0.238437 0.341733 3 0.849 0.292063 0.722569 0.078408 0.105266 3 0.8459 0.523515 0.871009 0.075494 0.197160 9 0.8433 0.204219 0.713004 0.116497 0.148401 2 0.8402 0.299774 0.619163 0.039094 0.089958 3 0.8273 0.270111 0.610281 0.064162 0.084314 2 0.8163 0.688376 0.681365 0.039097 0.107478 3 0.8094 0.361742 0.602614 0.074367 0.091314 10 0.8091 0.786357 0.589571 0.161457 0.239005 2 0.8079 0.723107 0.943439 0.052231 0.113123 10 0.7649 0.138174 0.533452 0.164338 0.196062 1 0.7562 0.668687 0.517171 0.029376 0.077291 4 0.7222 0.218160 0.538510 0.053312 0.092930 3 0.4905 0.449636 0.486100 0.054285 0.050197 3 0.4807 0.673077 0.453348 0.034770 0.071657 3 0.4626 0.402835 0.540015 0.042779 0.071592 2 0.3469 0.718077 0.835536 0.049124 0.109247 1 0.2953 0.717572 0.835518 0.049603 0.109008
CCTV01^20260318-110000-20260318-120000_000773,9 0.9231 0.352288 0.555284 0.093303 0.124173 3 0.9014 0.719027 0.751314 0.061348 0.142616 10 0.8985 0.787177 0.601531 0.160553 0.268143 3 0.8922 0.334807 0.648471 0.068484 0.089118 3 0.8918 0.285494 0.749194 0.055332 0.119055 10 0.8899 0.675463 0.460873 0.080781 0.188406 10 0.8885 0.248504 0.567324 0.187217 0.219188 2 0.8866 0.248717 0.830234 0.051538 0.115496 3 0.8678 0.239570 0.958353 0.077014 0.083294 3 0.8648 0.056106 0.879813 0.112213 0.157553 3 0.8631 0.523777 0.872013 0.073807 0.196038 2 0.8519 0.778567 0.879659 0.045932 0.125057 10 0.8511 0.364900 0.392180 0.127122 0.116854 3 0.8316 0.273459 0.646401 0.079511 0.094088 10 0.8269 0.217421 0.485292 0.166083 0.160874 11 0.7278 0.180746 0.735145 0.086352 0.233339 3 0.7057 0.490340 0.454929 0.042798 0.059862 3 0.5278 0.768264 0.974831 0.084389 0.050338 1 0.3764 0.127726 0.877619 0.041467 0.092061 7 0.1245 0.615123 0.421427 0.026962 0.057344
CCTV01^20260318-110000-20260318-120000_000777,9 0.9223 0.424495 0.401853 0.104223 0.133702 2 0.9204 0.523659 0.872160 0.074212 0.195923 9 0.9195 0.856263 0.688308 0.202759 0.318632 2 0.8977 0.730650 0.884843 0.056528 0.141696 3 0.8855 0.687204 0.671660 0.059613 0.118671 2 0.875 0.629981 0.424268 0.032362 0.064519 2 0.8741 0.634822 0.528931 0.045565 0.080000 2 0.8503 0.280190 0.742514 0.058292 0.110988 9 0.8465 0.716050 0.562448 0.102072 0.247384 11 0.8043 0.393090 0.510961 0.061233 0.092164 2 0.7712 0.290223 0.585049 0.036537 0.082160 3 0.7454 0.196156 0.710477 0.095091 0.122914 2 0.6981 0.341389 0.573075 0.063981 0.064770 2 0.6725 0.340508 0.631210 0.065076 0.090795 1 0.651 0.801885 0.954635 0.036308 0.090729 1 0.6485 0.289511 0.661407 0.028413 0.072410 9 0.6456 0.187006 0.610414 0.156428 0.188888 3 0.6265 0.256566 0.967887 0.089804 0.064227 11 0.5236 0.240342 0.492342 0.064052 0.119527 3 0.4981 0.260037 0.867786 0.069555 0.143703 2 0.4975 0.497140 0.445214 0.040777 0.059857 2 0.4771 0.254820 0.967534 0.089007 0.064931 2 0.4659 0.476953 0.484792 0.047164 0.049773 2 0.4541 0.259739 0.867979 0.068996 0.143384 2 0.417 0.330189 0.519198 0.037880 0.061836 0 0.3173 0.801705 0.954503 0.035671 0.090993 9 0.3087 0.320757 0.427802 0.134158 0.136624
CCTV01^20260318-110000-20260318-120000_000781,11 0.917 0.455579 0.444315 0.050368 0.066775 9 0.9159 0.812693 0.765458 0.195605 0.399420 2 0.9158 0.671073 0.584328 0.050441 0.090831 2 0.9154 0.524072 0.872043 0.074556 0.197765 9 0.9048 0.149738 0.839166 0.179233 0.321669 2 0.8935 0.729439 0.932760 0.075639 0.134480 2 0.8842 0.266299 0.948810 0.072845 0.102380 9 0.8786 0.323287 0.493395 0.110802 0.142706 9 0.87 0.110680 0.735537 0.221359 0.263056 1 0.8675 0.683703 0.818892 0.047110 0.127025 2 0.8591 0.416660 0.502080 0.057618 0.061168 2 0.8372 0.300940 0.679124 0.066276 0.099947 2 0.8301 0.342370 0.554965 0.069335 0.085130 9 0.8092 0.434368 0.390660 0.092581 0.127215 9 0.8081 0.232176 0.579921 0.144110 0.177638 1 0.7836 0.335438 0.817273 0.051472 0.110953 2 0.7596 0.488539 0.468856 0.042672 0.056400 3 0.6977 0.379877 0.901587 0.116049 0.192562 4 0.6649 0.274120 0.790056 0.057291 0.157161 2 0.6625 0.274018 0.789614 0.057152 0.156177 4 0.3022 0.371697 0.900232 0.102206 0.189553
CCTV01^20260318-110000-20260318-120000_000785,9 0.9253 0.818145 0.772004 0.192610 0.397228 2 0.9217 0.523749 0.872330 0.074401 0.197410 9 0.9163 0.156432 0.831294 0.175946 0.337413 9 0.9162 0.345309 0.472346 0.115838 0.116993 3 0.9031 0.347682 0.827403 0.102333 0.168050 2 0.9021 0.283139 0.703981 0.060875 0.136372 2 0.8979 0.692202 0.697425 0.054414 0.124922 2 0.8972 0.270261 0.905100 0.062460 0.147756 9 0.8916 0.257502 0.615025 0.184888 0.200276 2 0.8619 0.493806 0.460905 0.042581 0.062173 11 0.8554 0.675595 0.547710 0.043660 0.114009 2 0.8539 0.384927 0.512411 0.062102 0.071970 2 0.8495 0.442840 0.467842 0.046354 0.058256 11 0.8367 0.473642 0.416855 0.044499 0.074772 0 0.8127 0.259622 0.779094 0.024301 0.092740 9 0.7497 0.081565 0.758482 0.162672 0.295403
CCTV01^20260318-110000-20260318-120000_000789,11 0.9338 0.702494 0.693234 0.060153 0.155409 9 0.918 0.818787 0.771633 0.188958 0.400708 2 0.913 0.523809 0.873011 0.074051 0.195288 9 0.9113 0.183961 0.773314 0.156089 0.334666 9 0.9108 0.374934 0.503450 0.112375 0.153237 2 0.9021 0.727670 0.850617 0.078224 0.165726 2 0.8886 0.274442 0.835768 0.060386 0.138161 1 0.8607 0.319114 0.750548 0.044632 0.096032 2 0.8564 0.478606 0.481028 0.048262 0.055581 3 0.8538 0.655951 0.464236 0.041192 0.100083 3 0.8506 0.313986 0.664658 0.060956 0.124985 2 0.8315 0.690004 0.463554 0.036905 0.065512 12 0.8285 0.348386 0.864538 0.035933 0.117994 2 0.7973 0.505829 0.432497 0.041119 0.058085 9 0.7827 0.243972 0.570664 0.157761 0.181818 0 0.7262 0.315765 0.888366 0.032357 0.104412 0 0.6138 0.288646 0.900841 0.029225 0.099082 2 0.5859 0.478347 0.422858 0.039692 0.062635 2 0.5678 0.441153 0.451725 0.039827 0.057786 2 0.5582 0.249809 0.960231 0.080489 0.079539 2 0.5566 0.565997 0.471757 0.034732 0.078544 9 0.5451 0.435739 0.399228 0.076566 0.091470 9 0.31 0.060085 0.743955 0.120170 0.255188
CCTV01^20260318-110000-20260318-120000_000793,9 0.9251 0.818642 0.771653 0.189452 0.397267 9 0.9179 0.408484 0.463199 0.099022 0.132320 2 0.9122 0.747682 0.919733 0.085991 0.160534 11 0.9103 0.721181 0.757987 0.069692 0.168705 2 0.9089 0.523880 0.872935 0.073929 0.195489 9 0.9026 0.196514 0.743738 0.150338 0.322803 3 0.894 0.690217 0.595914 0.056095 0.136848 2 0.892 0.277906 0.815518 0.063054 0.131744 1 0.8541 0.296923 0.649325 0.035064 0.091076 9 0.7991 0.233832 0.527823 0.154717 0.177503 2 0.7991 0.481115 0.465558 0.045680 0.067380 2 0.7424 0.504802 0.431297 0.035136 0.052260 2 0.7096 0.476668 0.409316 0.043713 0.058361 12 0.6917 0.317690 0.958730 0.045116 0.082540 0 0.6698 0.297962 0.873724 0.027547 0.096508 2 0.6588 0.257484 0.947729 0.073038 0.104541 1 0.6089 0.333267 0.567102 0.031770 0.081902 2 0.5521 0.516073 0.386979 0.034831 0.049441 1 0.4725 0.302614 0.651072 0.031273 0.088158 12 0.3663 0.373666 0.851773 0.052263 0.125927 0 0.3367 0.309642 0.702019 0.025883 0.080816
CCTV01^20260318-110000-20260318-120000_000797,2 0.9287 0.750959 0.926515 0.087440 0.146971 9 0.9271 0.818718 0.772074 0.189240 0.400693 2 0.9131 0.524139 0.872096 0.073894 0.196309 12 0.8985 0.365145 0.899631 0.042950 0.116097 11 0.8953 0.724238 0.770118 0.071728 0.173164 9 0.8941 0.229308 0.676776 0.142080 0.280976 3 0.8902 0.691137 0.595321 0.056554 0.139172 2 0.8483 0.248906 0.929817 0.087418 0.140365 2 0.8376 0.399577 0.509043 0.059285 0.062599 12 0.8265 0.326264 0.955028 0.043528 0.089944 0 0.7138 0.327900 0.582875 0.028636 0.088267 2 0.696 0.287181 0.754397 0.056718 0.112784 12 0.6667 0.387104 0.824454 0.038931 0.100727 2 0.6568 0.565275 0.470969 0.036001 0.074571 5 0.5377 0.497141 0.426302 0.042270 0.068797 12 0.5215 0.313862 0.873818 0.038004 0.117920 9 0.4147 0.248469 0.531670 0.163861 0.177389
CCTV01^20260318-110000-20260318-120000_000801,9 0.9253 0.818799 0.772508 0.188831 0.397750 2 0.9251 0.750953 0.926552 0.086588 0.146895 2 0.9198 0.523942 0.872398 0.074533 0.196741 9 0.9177 0.174286 0.816030 0.170358 0.366779 11 0.9142 0.724785 0.770265 0.071286 0.173323 2 0.9053 0.274947 0.843544 0.083305 0.171948 9 0.902 0.428215 0.413295 0.108729 0.134855 3 0.8967 0.690544 0.596968 0.057346 0.137976 9 0.8648 0.268183 0.609250 0.145227 0.238394 9 0.828 0.083824 0.781424 0.167543 0.346223 2 0.8258 0.497789 0.437933 0.038255 0.058778 12 0.7887 0.328383 0.924375 0.045232 0.124500 12 0.7533 0.335265 0.824547 0.036476 0.126886 2 0.4328 0.513795 0.397468 0.040328 0.048907 2 0.4292 0.515266 0.385095 0.042467 0.053838 12 0.3753 0.303078 0.964839 0.052957 0.070323
CCTV01^20260318-110000-20260318-120000_000805,2 0.926 0.751009 0.926313 0.088457 0.147375 9 0.9256 0.819040 0.772698 0.187909 0.397756 2 0.9148 0.524110 0.872746 0.073368 0.195025 9 0.9145 0.222508 0.733945 0.177364 0.327590 9 0.8985 0.316608 0.547969 0.139242 0.200105 3 0.8803 0.690953 0.597143 0.058177 0.137839 9 0.8747 0.155555 0.658536 0.192823 0.276109 2 0.8739 0.653670 0.538243 0.045375 0.078843 11 0.8502 0.724739 0.771005 0.071498 0.171915 3 0.8346 0.494935 0.412746 0.058608 0.072899 0 0.6102 0.672928 0.763795 0.027831 0.108394 2 0.5226 0.462537 0.472758 0.056036 0.066198 3 0.5006 0.462551 0.472877 0.055871 0.064671 2 0.411 0.742153 0.458401 0.044917 0.068913 1 0.2301 0.209523 0.927408 0.050177 0.134196
CCTV01^20260318-110000-20260318-120000_000809,9 0.9266 0.817460 0.771668 0.188464 0.397032 2 0.9224 0.751530 0.926650 0.086285 0.146699 2 0.9151 0.524059 0.872424 0.073444 0.196391 9 0.9116 0.169583 0.799027 0.189993 0.371026 2 0.8668 0.657248 0.549377 0.045926 0.079072 3 0.8532 0.691849 0.599091 0.057243 0.137200 2 0.8485 0.617991 0.508627 0.059555 0.086451 11 0.8395 0.724701 0.772718 0.071544 0.173368 2 0.8341 0.734438 0.519493 0.038410 0.092484 0 0.8215 0.690148 0.883037 0.032698 0.116458 2 0.7299 0.139178 0.673645 0.054532 0.088738 1 0.5612 0.314498 0.776394 0.044079 0.113961 10 0.5434 0.420206 0.474277 0.103377 0.166674 2 0.5125 0.566633 0.471203 0.036224 0.077261 9 0.5105 0.234778 0.533291 0.138923 0.185466 2 0.4696 0.314303 0.776475 0.043826 0.114690 0 0.4466 0.655472 0.926828 0.033832 0.115487 3 0.3533 0.669885 0.491938 0.038027 0.070116 1 0.3347 0.215550 0.892806 0.050537 0.126603 4 0.2186 0.784668 0.481721 0.042769 0.079949
CCTV01^20260318-110000-20260318-120000_000954,7 0.9148 0.329573 0.808562 0.051016 0.136299 11 0.8488 0.704561 0.653277 0.060714 0.178093 3 0.8421 0.436932 0.474894 0.053851 0.049129 2 0.8082 0.487810 0.432284 0.025334 0.050776 3 0.8012 0.657464 0.595203 0.031246 0.079088 0 0.7596 0.380775 0.538117 0.020676 0.055487 3 0.756 0.566511 0.465354 0.022071 0.064821 0 0.7302 0.228091 0.683245 0.025160 0.066851 0 0.7152 0.345756 0.571065 0.023152 0.059406 0 0.7138 0.314590 0.641948 0.029324 0.059260 3 0.6334 0.695429 0.828630 0.048452 0.140297 1 0.5863 0.678788 0.975691 0.029552 0.048618 0 0.5737 0.201425 0.657759 0.023398 0.059832 0 0.5533 0.274411 0.656821 0.028935 0.060329 3 0.495 0.738480 0.925801 0.066300 0.148398 0 0.487 0.250372 0.714675 0.035247 0.062094 0 0.431 0.396032 0.414159 0.018381 0.046421
CCTV01^20260318-110000-20260318-120000_000966,11 0.8765 0.708430 0.665196 0.065595 0.187982 10 0.8263 0.809241 0.457115 0.047566 0.134899 3 0.8012 0.648240 0.610036 0.049397 0.098830 1 0.6771 0.672619 0.952840 0.032386 0.094320 11 0.6681 0.801274 0.576631 0.056360 0.129027 1 0.6608 0.156849 0.752379 0.029135 0.078259 4 0.6365 0.478820 0.450238 0.040698 0.064173 3 0.6139 0.697958 0.837182 0.043986 0.135320 11 0.2738 0.776166 0.789409 0.065391 0.243232
CCTV01^20260318-110000-20260318-120000_000970,4 0.8738 0.761780 0.475012 0.025496 0.051465 11 0.8737 0.710299 0.675688 0.064724 0.192187 11 0.8618 0.781302 0.802552 0.072100 0.248522 3 0.8578 0.651416 0.616327 0.048976 0.098879 10 0.8443 0.820933 0.506697 0.054467 0.153613 2 0.8155 0.874949 0.668204 0.039910 0.083709 2 0.8026 0.902589 0.790434 0.056691 0.092157 3 0.7656 0.700524 0.850854 0.046284 0.135912 3 0.7614 0.494682 0.449454 0.031549 0.049455 3 0.744 0.318787 0.656954 0.062467 0.105915 1 0.6797 0.672421 0.952796 0.033995 0.094408 1 0.6428 0.844346 0.791149 0.025104 0.071425 3 0.6411 0.270938 0.634446 0.036695 0.078589 1 0.6393 0.601363 0.456666 0.016104 0.047443 3 0.609 0.426099 0.473226 0.042837 0.050934 3 0.4162 0.865751 0.972000 0.064973 0.055999 3 0.3518 0.461055 0.471715 0.040749 0.050152 1 0.3449 0.635323 0.554141 0.018236 0.045374 4 0.2003 0.975296 0.882690 0.049219 0.185540 7 0.1258 0.725367 0.521494 0.034904 0.085699
CCTV01^20260318-110000-20260318-120000_000974,11 0.8635 0.778776 0.803327 0.068608 0.258177 3 0.8514 0.500970 0.398894 0.033048 0.058993 3 0.8472 0.659704 0.618454 0.035781 0.079658 11 0.8291 0.711434 0.677865 0.064720 0.191831 3 0.8191 0.700517 0.849980 0.048097 0.136760 10 0.7421 0.818903 0.475272 0.056509 0.178886 4 0.719 0.784251 0.556776 0.034930 0.065284 3 0.7071 0.744597 0.555161 0.038123 0.085771 1 0.6702 0.673185 0.956112 0.034252 0.087775 4 0.6127 0.870781 0.921043 0.067004 0.157914 3 0.5999 0.624749 0.422512 0.025348 0.052807 0 0.5963 0.989052 0.805840 0.021896 0.083035 1 0.5874 0.624982 0.566230 0.022744 0.061512 0 0.5632 0.267687 0.471422 0.023977 0.054329 3 0.4864 0.738743 0.939700 0.067194 0.120600 3 0.4741 0.381830 0.571009 0.056012 0.069173 0 0.373 0.049993 0.806655 0.054966 0.104070 1 0.319 0.646178 0.562710 0.016046 0.050511 1 0.2255 0.808870 0.985592 0.033859 0.028815
CCTV01^20260318-110000-20260318-120000_000978,11 0.8693 0.780519 0.807489 0.070310 0.262054 11 0.8539 0.711206 0.678248 0.064442 0.190445 4 0.8502 0.830128 0.718670 0.041243 0.088779 3 0.8468 0.659236 0.617990 0.035474 0.080974 3 0.8434 0.631772 0.439468 0.031816 0.053576 3 0.8313 0.467841 0.469777 0.041092 0.048613 3 0.8235 0.239363 0.857638 0.071781 0.160367 4 0.8229 0.868594 0.921702 0.062789 0.156596 2 0.8166 0.220761 0.586304 0.037792 0.073247 3 0.8064 0.700758 0.855702 0.048024 0.137513 0 0.8041 0.105998 0.723431 0.041850 0.086153 3 0.8025 0.300422 0.488019 0.036190 0.054360 3 0.7916 0.363858 0.473386 0.038430 0.052810 0 0.6942 0.163697 0.653270 0.036887 0.065531 3 0.6439 0.495043 0.432948 0.032118 0.051730 1 0.6319 0.674080 0.954938 0.036758 0.090074 3 0.5758 0.397768 0.521394 0.049730 0.056434 3 0.5671 0.739768 0.940508 0.067030 0.118984 3 0.5303 0.798849 0.622061 0.044676 0.093000 2 0.4534 0.988093 0.701793 0.023456 0.093853 1 0.4135 0.625333 0.565421 0.019535 0.059902 0 0.3258 0.186077 0.581587 0.028259 0.067592 2 0.3245 0.600971 0.408072 0.019279 0.047780 1 0.2552 0.668007 0.899777 0.035968 0.080006
CCTV01^20260318-110000-20260318-120000_000982,4 0.9218 0.838850 0.845228 0.043003 0.120361 11 0.8781 0.779435 0.807596 0.068865 0.257707 4 0.8634 0.870072 0.919819 0.062643 0.160361 11 0.8353 0.712229 0.678450 0.065583 0.190208 3 0.834 0.659642 0.618809 0.035368 0.083976 3 0.8323 0.661165 0.496321 0.040114 0.054737 2 0.8298 0.158756 0.685667 0.046890 0.087342 3 0.8233 0.700688 0.854554 0.047781 0.140130 3 0.8171 0.623453 0.431361 0.029588 0.060492 3 0.7947 0.626209 0.507908 0.037069 0.061816 3 0.7582 0.298363 0.495518 0.044939 0.064084 3 0.7376 0.503992 0.418108 0.031038 0.045095 3 0.7374 0.479023 0.450916 0.039071 0.041509 1 0.6762 0.219367 0.640018 0.030057 0.082574 1 0.6741 0.674697 0.955381 0.033761 0.089238 3 0.6585 0.425850 0.419241 0.042234 0.043699 10 0.6225 0.949882 0.812995 0.099063 0.374009 3 0.6001 0.428046 0.480051 0.044988 0.032060 3 0.585 0.468403 0.484733 0.042223 0.034970 1 0.5543 0.626448 0.569336 0.024376 0.059783 3 0.5338 0.738737 0.940571 0.065732 0.118858 1 0.5201 0.665434 0.891476 0.030794 0.076797 2 0.466 0.658045 0.545299 0.024264 0.057575 3 0.4433 0.707035 0.496422 0.035008 0.044120
CCTV01^20260318-110000-20260318-120000_000986,11 0.8985 0.781614 0.833114 0.074888 0.273700 4 0.8436 0.839648 0.845539 0.034613 0.118860 3 0.8336 0.661773 0.622560 0.042588 0.092943 4 0.8332 0.869809 0.919883 0.063851 0.160235 3 0.8128 0.702504 0.871315 0.050497 0.148330 3 0.7919 0.403405 0.479765 0.048793 0.066397 3 0.784 0.639813 0.459294 0.038579 0.054300 3 0.7809 0.504603 0.434041 0.031687 0.045212 3 0.7747 0.663332 0.504899 0.042320 0.054764 3 0.7691 0.735160 0.956967 0.063328 0.086066 11 0.7363 0.721997 0.693007 0.073648 0.197416 3 0.7357 0.463146 0.451418 0.037558 0.054786 3 0.7348 0.629068 0.511665 0.038913 0.056330 10 0.6973 0.948804 0.812618 0.100896 0.374764 1 0.663 0.678278 0.966221 0.033782 0.067558 2 0.6427 0.661161 0.553358 0.030281 0.060587 1 0.5355 0.622422 0.563569 0.025107 0.065521 3 0.4017 0.381350 0.458939 0.042485 0.048631 3 0.3857 0.077957 0.958859 0.093703 0.082282 3 0.384 0.708708 0.505843 0.032980 0.043854 1 0.2 0.675930 0.914549 0.031318 0.089452
CCTV01^20260318-110000-20260318-120000_000990,2 0.8546 0.269715 0.913884 0.048744 0.131915 11 0.8446 0.782523 0.835889 0.075650 0.274413 2 0.8399 0.213462 0.918074 0.046882 0.128326 3 0.8188 0.704877 0.887618 0.046966 0.143330 1 0.8094 0.069322 0.911323 0.055187 0.089531 10 0.8062 0.949817 0.818656 0.097642 0.362689 1 0.6262 0.678341 0.966581 0.030117 0.066837 3 0.6173 0.641172 0.463390 0.038299 0.056055 11 0.5917 0.722005 0.692068 0.073599 0.195116 3 0.556 0.735828 0.957028 0.060007 0.085944 3 0.4976 0.660113 0.623646 0.046260 0.098542 1 0.4413 0.660019 0.866025 0.028242 0.107453 4 0.2481 0.870413 0.920295 0.063980 0.159410 4 0.1707 0.838223 0.848841 0.031908 0.113637
CCTV01^20260318-110000-20260318-120000_000994,11 0.8397 0.782953 0.842045 0.076305 0.275563 10 0.8361 0.952029 0.828979 0.084706 0.342042 2 0.827 0.270040 0.743262 0.038865 0.084677 3 0.8232 0.704582 0.887678 0.049233 0.145811 1 0.8142 0.212722 0.829002 0.043775 0.082883 2 0.7917 0.300911 0.692798 0.032218 0.093261 2 0.6757 0.247049 0.702311 0.046408 0.089596 1 0.6523 0.651288 0.864553 0.032315 0.098079 1 0.5444 0.677708 0.966719 0.032690 0.066562 11 0.2894 0.727011 0.696488 0.079411 0.191247 1 0.2451 0.179761 0.703485 0.029842 0.081521 1 0.2392 0.673956 0.758182 0.029917 0.089120
CCTV01^20260318-110000-20260318-120000_000998,11 0.8488 0.783357 0.841380 0.077287 0.274848 10 0.8271 0.949552 0.829922 0.087072 0.340156 2 0.8253 0.183437 0.702254 0.044918 0.088531 3 0.8189 0.705922 0.888266 0.051373 0.143494 1 0.6697 0.651798 0.862502 0.030241 0.087166 1 0.6053 0.677871 0.967584 0.032968 0.064831 0 0.5684 0.081587 0.734508 0.034698 0.090499 1 0.3589 0.697220 0.780871 0.028237 0.071086 2 0.3111 0.258264 0.651701 0.043454 0.088626 1 0.2943 0.296951 0.562285 0.021526 0.071015
CCTV01^20260318-110000-20260318-120000_001002,11 0.835 0.784439 0.841800 0.079544 0.272306 3 0.7961 0.706567 0.888807 0.051206 0.145175 10 0.7911 0.949771 0.829077 0.084999 0.340545 2 0.7086 0.169690 0.794557 0.049160 0.105443 1 0.6785 0.652547 0.861052 0.029943 0.085964 1 0.6301 0.144099 0.904415 0.040693 0.086576 1 0.5912 0.207848 0.717332 0.030053 0.088206 1 0.4694 0.677968 0.967090 0.033109 0.065820 1 0.3468 0.696809 0.779828 0.028851 0.073166 1 0.2781 0.671627 0.754876 0.030254 0.085065
CCTV01^20260318-110000-20260318-120000_001122,5 0.8933 0.699783 0.700410 0.045273 0.111452 10 0.8882 0.661250 0.492885 0.080679 0.176193 3 0.868 0.696935 0.840003 0.057993 0.142688 3 0.8625 0.854617 0.793170 0.070573 0.111018 2 0.8605 0.040595 0.850188 0.060272 0.117754 3 0.8546 0.756359 0.701445 0.052894 0.098874 3 0.8186 0.252527 0.812260 0.067033 0.152115 3 0.817 0.673805 0.635444 0.040577 0.098234 3 0.8064 0.790936 0.802337 0.057422 0.113441 3 0.8036 0.340593 0.823245 0.064316 0.153192 3 0.7708 0.302421 0.691126 0.048809 0.103974 2 0.7496 0.475010 0.429106 0.027582 0.053218 2 0.7289 0.896553 0.651168 0.042333 0.073264 4 0.6756 0.815613 0.551404 0.041161 0.106249 3 0.6184 0.855015 0.655306 0.060738 0.092531 2 0.584 0.423259 0.491001 0.028250 0.059278 5 0.4977 0.816129 0.671393 0.079615 0.115552 1 0.494 0.043430 0.954602 0.039399 0.075711 1 0.4735 0.092706 0.862309 0.035820 0.084165 3 0.4713 0.371179 0.585416 0.062442 0.068396 3 0.4341 0.925378 0.734699 0.081455 0.123562 0 0.2932 0.043708 0.955036 0.039116 0.078720
CCTV02^20260511-140000-20260511-142440_002414,2 0.7429 0.181991 0.790846 0.049001 0.109191 2 0.5039 0.774469 0.453665 0.031771 0.067827 1 0.2686 0.547371 0.339861 0.019848 0.055526
CCTV02^20260511-140000-20260511-142440_002417,10 0.7551 0.388068 0.391587 0.045319 0.129492 2 0.7434 0.616428 0.343999 0.023989 0.050006 9 0.6372 0.466493 0.438191 0.048353 0.127892 0 0.6311 0.809652 0.503157 0.026742 0.071850 2 0.4113 0.779001 0.460855 0.028198 0.075432
CCTV02^20260511-140000-20260511-142440_002421,2 0.79 0.349640 0.463306 0.024707 0.062251 2 0.7409 0.722041 0.452659 0.032229 0.066050 2 0.6712 0.562840 0.322766 0.025959 0.048211 3 0.6597 0.710617 0.820267 0.072229 0.171215 10 0.5481 0.325201 0.261589 0.031555 0.090768 0 0.4697 0.336856 0.362020 0.019516 0.057010 7 0.3597 0.413136 0.348252 0.040918 0.104204
CCTV02^20260511-140000-20260511-142440_002425,2 0.7762 0.596560 0.369693 0.026799 0.053794 2 0.771 0.645740 0.375205 0.027029 0.054160 3 0.7661 0.372679 0.529882 0.031046 0.068433 2 0.7524 0.693700 0.438469 0.027447 0.062003 1 0.7388 0.442532 0.481956 0.019031 0.066163 2 0.6845 0.721853 0.449138 0.028490 0.062453 2 0.6385 0.385640 0.271006 0.016650 0.040250 2 0.4752 0.376458 0.241439 0.013261 0.031206 2 0.4214 0.352892 0.251580 0.013523 0.037098 2 0.4011 0.559107 0.280223 0.019924 0.040260
CCTV02^20260511-140000-20260511-142440_002429,2 0.7576 0.254008 0.816092 0.044168 0.117850 1 0.7545 0.533976 0.405249 0.018600 0.064172 2 0.7313 0.715588 0.470841 0.030418 0.063870 2 0.7277 0.620278 0.405965 0.023385 0.052803 2 0.7044 0.690732 0.417545 0.025934 0.050966 2 0.687 0.649676 0.427730 0.029430 0.058757 2 0.6699 0.543997 0.363099 0.020589 0.047208 2 0.6444 0.771544 0.472905 0.041000 0.072060 2 0.6111 0.371513 0.263277 0.018786 0.042982 4 0.5536 0.451082 0.402906 0.036026 0.078199 2 0.5138 0.582529 0.355648 0.019537 0.042012 1 0.3332 0.593783 0.407081 0.018346 0.053666 1 0.2312 0.567433 0.390782 0.017648 0.050499 7 0.1427 0.450952 0.402661 0.035883 0.080039
CCTV02^20260511-140000-20260511-142440_002433,2 0.7849 0.674741 0.455050 0.033142 0.064939 2 0.7464 0.603446 0.361738 0.023979 0.049930 2 0.736 0.360859 0.328283 0.019416 0.045308 2 0.6039 0.379034 0.277025 0.014822 0.036225 2 0.5863 0.629024 0.358010 0.019403 0.050197 2 0.5851 0.691816 0.417262 0.026447 0.050751 2 0.4887 0.437316 0.618737 0.035707 0.084713 2 0.448 0.538948 0.322027 0.024163 0.049084
CCTV02^20260511-140000-20260511-142440_002437,2 0.7749 0.705479 0.491751 0.030755 0.063206 2 0.743 0.624929 0.358122 0.024804 0.048551 2 0.732 0.666196 0.418896 0.025563 0.051050 2 0.6689 0.742528 0.481888 0.031325 0.064434 2 0.6603 0.691643 0.419051 0.025432 0.054401 0 0.6476 0.802768 0.500768 0.023783 0.061682 10 0.4761 0.325387 0.258441 0.030303 0.080509 2 0.4542 0.924251 0.654948 0.047275 0.089906 5 0.3134 0.402023 0.227537 0.019204 0.041017
CCTV02^20260511-140000-20260511-142440_002441,3 0.7884 0.554131 0.494581 0.036030 0.072388 7 0.7687 0.427625 0.298827 0.026873 0.057937 2 0.7392 0.298714 0.492505 0.025222 0.060790 2 0.7186 0.604597 0.356077 0.024991 0.050729 2 0.7137 0.376112 0.269437 0.018855 0.043378 2 0.6318 0.707609 0.457398 0.031296 0.056066 2 0.6036 0.798974 0.524749 0.025758 0.059447 2 0.5972 0.680171 0.502788 0.031172 0.065085 2 0.5738 0.757465 0.554519 0.034994 0.072049 2 0.5525 0.909522 0.677033 0.044999 0.088176 2 0.5252 0.874976 0.513450 0.028127 0.069262 2 0.4961 0.676905 0.454799 0.028172 0.047702 2 0.464 0.676388 0.397082 0.025033 0.051446 1 0.2607 0.548748 0.316573 0.016383 0.044653
CCTV02^20260511-140000-20260511-142440_002445,2 0.7589 0.721558 0.516074 0.033446 0.067916 2 0.7546 0.679964 0.435659 0.030023 0.055749 2 0.7473 0.366367 0.370913 0.021838 0.057209 10 0.6767 0.414541 0.268623 0.036203 0.087142 7 0.6503 0.439664 0.507221 0.044088 0.113595 2 0.6456 0.268757 0.558989 0.029373 0.071493 2 0.6127 0.728338 0.452618 0.028692 0.051097 2 0.6115 0.703557 0.458632 0.027863 0.051598 2 0.4833 0.554153 0.291409 0.019965 0.041857 2 0.4761 0.808670 0.529879 0.025047 0.064856 9 0.4209 0.439706 0.506270 0.044648 0.110994 2 0.4028 0.579096 0.326413 0.020751 0.044070
CCTV02^20260511-140000-20260511-142440_002449,3 0.8344 0.405931 0.312137 0.021696 0.041699 1 0.7392 0.648310 0.480710 0.018091 0.052270 2 0.7266 0.330420 0.454013 0.024137 0.063982 2 0.7044 0.639234 0.384774 0.025479 0.050040 2 0.6451 0.681518 0.469109 0.025327 0.056676 2 0.6237 0.956599 0.834509 0.057364 0.117712 2 0.5394 0.706551 0.457962 0.027589 0.053074 2 0.5256 0.873016 0.532120 0.023986 0.063492 2 0.476 0.752945 0.538286 0.033350 0.059469 2 0.4398 0.750469 0.468298 0.031554 0.054262 1 0.2975 0.807535 0.543808 0.015234 0.051042
CCTV02^20260511-140000-20260511-142440_002453,2 0.7241 0.704145 0.436566 0.032516 0.061390 2 0.7029 0.118921 0.739561 0.052728 0.084274 3 0.6963 0.030491 0.743196 0.060982 0.086221 2 0.6796 0.329960 0.569358 0.028034 0.067945 2 0.6433 0.863692 0.537805 0.033079 0.070852 9 0.5432 0.427558 0.279734 0.036689 0.088800 2 0.481 0.357837 0.322098 0.018465 0.051474 1 0.4711 0.517025 0.284550 0.015545 0.039742 2 0.4176 0.379767 0.253315 0.019935 0.046969 9 0.3322 0.582426 0.497008 0.072304 0.187161
CCTV02^20260511-140000-20260511-142440_002457,10 0.8546 0.650495 0.408122 0.071699 0.125948 3 0.8409 0.370369 0.465577 0.032805 0.062839 2 0.7501 0.334037 0.548704 0.029900 0.070315 2 0.6557 0.390794 0.305880 0.020090 0.046961 2 0.6381 0.578687 0.334468 0.021773 0.050440 2 0.5486 0.862580 0.537175 0.032106 0.073410 2 0.5481 0.528830 0.290178 0.019854 0.042118 2 0.5101 0.707340 0.433920 0.027351 0.057600 7 0.485 0.453540 0.549747 0.038700 0.093520 2 0.4792 0.775695 0.463266 0.027879 0.066515 2 0.4756 0.963778 0.805530 0.051393 0.125421 2 0.4279 0.019814 0.870725 0.039627 0.115146 10 0.3819 0.325661 0.262266 0.030056 0.084816 4 0.3445 0.453477 0.549551 0.038121 0.093017
CCTV02^20260511-140000-20260511-142440_002461,2 0.7587 0.311399 0.504554 0.027538 0.067623 2 0.7556 0.358039 0.494966 0.027462 0.067427 2 0.6022 0.292490 0.820873 0.044866 0.115751 2 0.5109 0.380626 0.259181 0.015254 0.035765 2 0.4093 0.363194 0.253016 0.014706 0.037953 2 0.3292 0.019926 0.871817 0.039852 0.114099 4 0.2335 0.423328 0.306986 0.028756 0.057854
CCTV02^20260511-140000-20260511-142440_002465,2 0.741 0.370180 0.369308 0.021289 0.052957 2 0.682 0.609162 0.383274 0.022847 0.047899 2 0.6594 0.863348 0.536450 0.030758 0.070458 2 0.6297 0.923608 0.659912 0.044505 0.089137 2 0.6282 0.403073 0.290327 0.016240 0.041001 2 0.4523 0.569592 0.365034 0.023099 0.051623 2 0.3904 0.019507 0.873246 0.038687 0.112310 2 0.3581 0.388288 0.295513 0.015131 0.035464 2 0.3531 0.386334 0.253567 0.014028 0.032146
CCTV02^20260511-140000-20260511-142440_002469,2 0.5882 0.925129 0.658840 0.043964 0.090716 2 0.5681 0.377605 0.232488 0.015744 0.038202 2 0.5368 0.863468 0.537248 0.030752 0.071873 2 0.5041 0.685542 0.414415 0.025072 0.056404 2 0.4202 0.018708 0.872835 0.037415 0.112928
CCTV02^20260511-140000-20260511-142440_002473,3 0.8167 0.403062 0.402411 0.026539 0.051709 2 0.785 0.724052 0.453311 0.031830 0.053109 2 0.7455 0.591703 0.371072 0.023761 0.049843 2 0.7081 0.648865 0.456289 0.027139 0.057255 0 0.6516 0.305023 0.429247 0.020485 0.057886 2 0.5099 0.665918 0.386218 0.024954 0.048990 1 0.4322 0.398585 0.352582 0.015704 0.039767 2 0.3631 0.524923 0.334922 0.020209 0.047723 0 0.3141 0.745476 0.493641 0.028473 0.057836 1 0.3008 0.674458 0.478167 0.017322 0.052241 7 0.1654 0.432058 0.329220 0.028088 0.059835
CCTV02^20260511-140000-20260511-142440_002476,2 0.8218 0.091709 0.740451 0.068862 0.080749 2 0.7897 0.347047 0.484617 0.025303 0.061597 0 0.7853 0.320303 0.437844 0.020827 0.056355 2 0.7754 0.728232 0.456922 0.036728 0.061045 2 0.7253 0.636054 0.364622 0.023005 0.047166 2 0.7151 0.685952 0.511636 0.031346 0.069620 7 0.6376 0.644888 0.856818 0.053635 0.148856 2 0.6164 0.285225 0.584938 0.031092 0.074138 4 0.5478 0.460039 0.445634 0.035429 0.082513 2 0.5338 0.650562 0.461928 0.029463 0.056765 2 0.516 0.862383 0.534927 0.030994 0.066383 2 0.4255 0.018643 0.870565 0.037285 0.113647 2 0.4039 0.510483 0.314203 0.018219 0.041078 2 0.3071 0.538794 0.333155 0.018344 0.042688 1 0.2338 0.475065 0.273170 0.011742 0.035902
CCTV02^20260511-140000-20260511-142440_002480,2 0.6929 0.707611 0.468826 0.038239 0.064469 1 0.6846 0.404424 0.340235 0.015223 0.054508 10 0.6269 0.305314 0.550405 0.060461 0.217996 2 0.4842 0.018650 0.872544 0.037301 0.112767 2 0.4386 0.356087 0.378504 0.023102 0.053071 2 0.4185 0.372097 0.325776 0.019194 0.047769 2 0.3904 0.737499 0.460443 0.029707 0.059797
CCTV02^20260511-140000-20260511-142440_002484,3 0.8347 0.536819 0.408767 0.028699 0.057829 3 0.8098 0.464917 0.444533 0.028928 0.059529 2 0.5908 0.710338 0.467554 0.031120 0.057759 2 0.4494 0.792879 0.503462 0.022922 0.055711 2 0.4124 0.764874 0.479892 0.021681 0.053377 2 0.3852 0.737024 0.461066 0.027092 0.058468
CCTV02^20260511-140000-20260511-142440_002488,2 0.7471 0.936083 0.826727 0.051882 0.113728 2 0.7233 0.687969 0.510798 0.026173 0.065334 2 0.5641 0.795003 0.491162 0.022801 0.055447 2 0.4986 0.087206 0.730416 0.065075 0.085534 2 0.4433 0.834483 0.516600 0.027496 0.063457 3 0.4066 0.419017 0.303342 0.021591 0.041168 2 0.3418 0.378985 0.322284 0.018731 0.046287 4 0.2338 0.776588 0.705759 0.043402 0.114490
CCTV02^20260511-140000-20260511-142440_002492,3 0.8128 0.437610 0.456894 0.027682 0.061075 2 0.7451 0.757913 0.555791 0.035404 0.072348 2 0.7323 0.687694 0.443474 0.022375 0.055074 2 0.7195 0.716677 0.474406 0.037179 0.065237 2 0.7153 0.661452 0.475745 0.029042 0.058596 2 0.4927 0.829508 0.546969 0.027864 0.066849 2 0.4894 0.381381 0.394931 0.020345 0.055336 2 0.3971 0.019619 0.872851 0.039237 0.113660 2 0.3535 0.886180 0.695419 0.040832 0.090304
CCTV02^20260511-140000-20260511-142440_002496,2 0.7438 0.379522 0.412889 0.022407 0.054624 2 0.729 0.927081 0.777439 0.051173 0.093505 2 0.7205 0.589203 0.391521 0.024040 0.050116 2 0.7111 0.629212 0.416902 0.026767 0.055532 2 0.6269 0.719791 0.473863 0.037467 0.064962 3 0.5807 0.435730 0.360377 0.025110 0.054176 2 0.5015 0.257957 0.840174 0.048574 0.114719 2 0.3971 0.019326 0.872569 0.038651 0.111494 2 0.3884 0.534720 0.319747 0.016193 0.042290 2 0.3719 0.557168 0.383288 0.023435 0.047629 9 0.3402 0.468556 0.465008 0.039291 0.098319
CCTV02^20260511-140000-20260511-142440_002500,10 0.8336 0.667009 0.373343 0.070258 0.099346 10 0.8169 0.553881 0.372205 0.064139 0.130306 2 0.7819 0.706629 0.464493 0.037494 0.056055 2 0.7702 0.346458 0.464335 0.026577 0.062370 7 0.7468 0.431540 0.475408 0.038267 0.085817 2 0.6413 0.764257 0.538500 0.032828 0.065596 2 0.6253 0.739512 0.556155 0.035316 0.072671 2 0.4644 0.734637 0.454544 0.027440 0.054451 3 0.4306 0.421168 0.357945 0.023651 0.053061 2 0.4185 0.018587 0.871586 0.037175 0.111003 2 0.3309 0.936862 0.714901 0.046823 0.087563
CCTV02^20260511-140000-20260511-142440_002504,10 0.8882 0.666802 0.373791 0.070040 0.099050 2 0.8209 0.736154 0.457167 0.034391 0.056831 2 0.6313 0.018989 0.873301 0.037978 0.112779 2 0.5881 0.535407 0.294683 0.019386 0.040334 2 0.5763 0.689557 0.441504 0.030263 0.052561 2 0.5369 0.299510 0.394101 0.022860 0.047566 3 0.4964 0.319756 0.312954 0.023070 0.039151 2 0.3434 0.908341 0.706401 0.050210 0.087503 2 0.3428 0.802578 0.495396 0.024439 0.063277
CCTV02^20260511-140000-20260511-142440_002508,10 0.8335 0.667339 0.376291 0.072141 0.108119 9 0.7882 0.602928 0.401557 0.050687 0.078506 3 0.7641 0.319452 0.312889 0.023449 0.038657 2 0.7635 0.698208 0.471463 0.030155 0.061216 2 0.7625 0.620451 0.568331 0.031867 0.074208 2 0.7456 0.926005 0.659673 0.042958 0.090588 2 0.7239 0.972810 0.793226 0.052339 0.111310 2 0.6843 0.569504 0.434892 0.024200 0.051965 2 0.6815 0.858974 0.540108 0.038473 0.075752 2 0.6789 0.019546 0.874568 0.039093 0.110944 1 0.6648 0.544922 0.452763 0.015370 0.043384 2 0.6366 0.856378 0.464116 0.031811 0.063257
CCTV02^20260511-140000-20260511-142440_002512,10 0.86 0.435277 0.390492 0.041409 0.125355 10 0.8411 0.671756 0.379869 0.059507 0.099707 5 0.8151 0.632733 0.348524 0.027663 0.053075 2 0.797 0.698768 0.447012 0.032332 0.057222 3 0.7843 0.319321 0.314487 0.023367 0.038711 2 0.7554 0.356272 0.465293 0.027111 0.057485 2 0.7499 0.747717 0.530760 0.033513 0.064951 2 0.627 0.019747 0.872769 0.039494 0.113998 2 0.3762 0.810918 0.555673 0.027038 0.072612 2 0.3578 0.751045 0.490232 0.030124 0.047556
CCTV02^20260511-140000-20260511-142440_002813,10 0.9031 0.294812 0.586088 0.100350 0.231729 10 0.8996 0.559276 0.364371 0.058014 0.120890 2 0.8356 0.158859 0.688098 0.041899 0.081455 2 0.7958 0.678263 0.486107 0.030123 0.059498 2 0.7932 0.739548 0.487279 0.033457 0.062692 2 0.791 0.630227 0.383088 0.024404 0.047239 3 0.779 0.319446 0.313493 0.021843 0.034334 5 0.767 0.636336 0.346930 0.033691 0.053616 2 0.7525 0.316327 0.386612 0.019135 0.049931 3 0.6994 0.508709 0.298619 0.021133 0.036211 2 0.4571 0.925400 0.651825 0.044025 0.079876 2 0.4073 0.873179 0.547372 0.042580 0.066054 4 0.1997 0.502909 0.335423 0.026561 0.043781
CCTV02^20260511-140000-20260511-142440_002817,4 0.9242 0.551134 0.403962 0.030159 0.073047 10 0.8817 0.645781 0.577293 0.105048 0.229267 3 0.8603 0.319320 0.312848 0.022638 0.035167 2 0.8549 0.345609 0.565371 0.031912 0.068650 2 0.8494 0.173220 0.938727 0.056621 0.117821 2 0.847 0.159872 0.686531 0.043314 0.079464 2 0.8465 0.268384 0.572003 0.029084 0.063115 5 0.8307 0.636580 0.347408 0.034028 0.056708 2 0.8061 0.928307 0.698593 0.045236 0.088282 3 0.7946 0.327876 0.920437 0.078390 0.140083 2 0.7834 0.336939 0.507382 0.024942 0.058889 2 0.7704 0.713804 0.445612 0.029442 0.058567 2 0.7675 0.315720 0.386181 0.019608 0.047992 2 0.7217 0.852788 0.530734 0.030087 0.063106 1 0.6651 0.046683 0.760987 0.045543 0.066248 2 0.5933 0.304763 0.510274 0.031807 0.062601 2 0.5823 0.882470 0.555149 0.034743 0.066913 10 0.5476 0.392193 0.299130 0.033483 0.092052 2 0.5388 0.298897 0.518073 0.045072 0.061482 3 0.442 0.767730 0.433423 0.038156 0.051861
CCTV02^20260511-140000-20260511-142440_002821,5 0.9357 0.636379 0.347568 0.033549 0.055647 10 0.92 0.650050 0.491600 0.078542 0.158774 4 0.8956 0.435544 0.380086 0.023879 0.051992 2 0.8494 0.159927 0.686980 0.043468 0.080339 2 0.8302 0.728707 0.548908 0.032743 0.074144 2 0.8256 0.268658 0.574078 0.031064 0.063652 3 0.8231 0.319516 0.313435 0.022859 0.036018 2 0.8192 0.293704 0.525362 0.037153 0.059455 2 0.7828 0.610591 0.371032 0.024826 0.049710 2 0.768 0.713593 0.445530 0.028629 0.059561 2 0.7637 0.316047 0.386859 0.019336 0.047503 2 0.7469 0.810178 0.528471 0.024646 0.059514 2 0.7352 0.925706 0.652888 0.044101 0.084378 3 0.7341 0.774807 0.510363 0.050344 0.064697 1 0.5497 0.349478 0.360149 0.014532 0.036231 2 0.4612 0.882729 0.555225 0.035602 0.066150 4 0.1783 0.611119 0.369948 0.025611 0.050948
CCTV02^20260511-140000-20260511-142440_002825,5 0.9059 0.636617 0.348484 0.034925 0.057827 3 0.8834 0.738971 0.517794 0.067713 0.064770 10 0.8819 0.539592 0.348920 0.053086 0.121531 9 0.87 0.577895 0.504253 0.051926 0.102121 3 0.8556 0.319482 0.313427 0.021628 0.034738 3 0.8471 0.143854 0.752773 0.108479 0.094515 2 0.8419 0.268770 0.571385 0.030395 0.064761 2 0.8139 0.161707 0.681745 0.043590 0.068567 2 0.8038 0.659193 0.402511 0.029546 0.045054 2 0.798 0.294172 0.525964 0.036420 0.058233 2 0.7835 0.666172 0.471844 0.031413 0.058627 2 0.7673 0.315998 0.388667 0.019128 0.049255 2 0.7611 0.793422 0.485399 0.040047 0.061874 2 0.7555 0.932743 0.666212 0.042021 0.087912 2 0.6582 0.881698 0.557120 0.037898 0.066627 2 0.4627 0.732000 0.475470 0.041334 0.041388 2 0.3259 0.973100 0.933750 0.053799 0.132499
CCTV02^20260511-140000-20260511-142440_002829,5 0.9186 0.636579 0.348269 0.034066 0.056941 3 0.8897 0.744115 0.515678 0.074755 0.066060 4 0.8895 0.674564 0.466767 0.040383 0.080961 3 0.8499 0.319396 0.313683 0.022515 0.036116 2 0.8364 0.268412 0.572291 0.029178 0.062568 2 0.8352 0.159759 0.687431 0.042868 0.079792 2 0.8053 0.294373 0.524725 0.036498 0.056803 2 0.7893 0.706805 0.448330 0.030208 0.060335 2 0.7858 0.919742 0.654035 0.040866 0.084840 2 0.7654 0.315856 0.388511 0.018085 0.048737 2 0.7185 0.828763 0.539650 0.025765 0.065299 2 0.5165 0.564775 0.374242 0.020649 0.046180 4 0.5077 0.832287 0.703995 0.075489 0.123458 2 0.4896 0.990252 0.954190 0.019495 0.091621 2 0.4512 0.882803 0.556861 0.036529 0.067241 7 0.4033 0.734355 0.829312 0.078992 0.187762
CCTV02^20260511-140000-20260511-142440_002833,4 0.953 0.355877 0.525888 0.036158 0.073081 4 0.9316 0.641981 0.623557 0.055212 0.101378 3 0.8938 0.743820 0.507019 0.070878 0.066234 5 0.8739 0.636020 0.348336 0.033488 0.055799 3 0.8616 0.319302 0.313501 0.022447 0.035571 2 0.8372 0.158762 0.688790 0.041466 0.079676 2 0.8296 0.268523 0.571960 0.029497 0.065366 2 0.8045 0.897195 0.671387 0.043853 0.089314 2 0.7985 0.294367 0.523962 0.035988 0.055984 2 0.7906 0.682095 0.499306 0.030505 0.063728 2 0.7823 0.397150 0.376884 0.020891 0.046549 2 0.7782 0.315728 0.387919 0.019663 0.048444 2 0.7481 0.812029 0.500530 0.025471 0.066555
CCTV02^20260511-140000-20260511-142440_002836,3 0.9041 0.679399 0.528928 0.057724 0.075240 5 0.8963 0.637040 0.348927 0.035034 0.057443 10 0.8801 0.325218 0.733995 0.116594 0.323025 2 0.8604 0.245683 0.749205 0.042594 0.089392 2 0.8407 0.268253 0.573612 0.028969 0.063389 2 0.8326 0.159102 0.687830 0.041358 0.079640 3 0.8268 0.862371 0.549060 0.044490 0.086185 2 0.8204 0.651400 0.415064 0.028678 0.049947 2 0.7995 0.294770 0.526587 0.037388 0.061282 2 0.7934 0.897959 0.677728 0.041117 0.089208 2 0.7833 0.315812 0.388311 0.018675 0.049757 3 0.7158 0.319412 0.313989 0.022311 0.035519 2 0.6619 0.952020 0.747295 0.039497 0.098496 2 0.5421 0.984205 0.876177 0.031591 0.125387
CCTV02^20260511-140000-20260511-142440_002840,4 0.9303 0.781824 0.632510 0.067605 0.083145 10 0.9001 0.671846 0.610281 0.124000 0.276510 3 0.8778 0.319375 0.313537 0.022700 0.035851 10 0.8749 0.347977 0.406358 0.045745 0.132253 2 0.8544 0.160935 0.685542 0.039822 0.076604 2 0.8504 0.248316 0.658843 0.042926 0.076905 3 0.8471 0.596924 0.363273 0.031147 0.045210 2 0.8412 0.268033 0.570825 0.029397 0.062954 2 0.8085 0.307237 0.544674 0.028372 0.062072 4 0.8008 0.103762 0.744300 0.099385 0.099261 5 0.7834 0.636502 0.348304 0.033051 0.056811 2 0.7681 0.315527 0.389626 0.016813 0.047583 4 0.6787 0.009844 0.875311 0.019573 0.120961 2 0.601 0.782900 0.537181 0.027877 0.069840 9 0.5899 0.539412 0.387251 0.044651 0.099656 3 0.4996 0.588790 0.475580 0.035496 0.060706 3 0.4444 0.865072 0.562911 0.045495 0.083891 2 0.3878 0.877934 0.510309 0.027321 0.058730 7 0.1375 0.582461 0.524995 0.038566 0.086376
CCTV02^20260511-140000-20260511-142440_002844,10 0.8966 0.308832 0.672121 0.101889 0.267508 3 0.8915 0.592797 0.593314 0.051026 0.091071 4 0.8893 0.752488 0.560684 0.062851 0.085718 10 0.8811 0.348201 0.405912 0.045586 0.131046 3 0.8769 0.318902 0.313597 0.022256 0.034844 5 0.8574 0.636258 0.348420 0.033256 0.055145 2 0.8438 0.159453 0.687796 0.042661 0.081288 2 0.8332 0.268511 0.571933 0.028683 0.065191 2 0.8016 0.313844 0.389760 0.018524 0.047773 2 0.7936 0.934417 0.674352 0.044857 0.088483 2 0.7806 0.236806 0.942959 0.059702 0.114082 2 0.6986 0.290500 0.523565 0.028138 0.052227 2 0.6907 0.595710 0.364434 0.028311 0.044717 3 0.6608 0.926388 0.807694 0.075534 0.146655 4 0.3738 0.397503 0.348009 0.022314 0.050244
CCTV02^20260511-140000-20260511-142440_002848,10 0.8997 0.347122 0.402341 0.046411 0.124812 5 0.8827 0.636439 0.348353 0.035291 0.056589 10 0.8812 0.342407 0.561917 0.090700 0.208452 3 0.8453 0.319170 0.313385 0.022540 0.034972 2 0.8383 0.639553 0.475452 0.030508 0.059913 2 0.8321 0.158978 0.688129 0.041783 0.080972 4 0.8312 0.633473 0.412614 0.036222 0.053371 2 0.8219 0.657923 0.568893 0.033226 0.078469 2 0.8209 0.267523 0.570491 0.030215 0.064993 2 0.8158 0.686440 0.467485 0.032626 0.061206 2 0.8023 0.957022 0.707094 0.047757 0.083370 2 0.7987 0.314283 0.389638 0.019405 0.048106 3 0.7913 0.456791 0.577943 0.036065 0.078427 2 0.7252 0.294623 0.525694 0.034347 0.060896 7 0.6974 0.966138 0.879979 0.067723 0.185310 9 0.6706 0.458815 0.379598 0.034071 0.068505 7 0.6672 0.458890 0.379573 0.034024 0.068837 2 0.5553 0.917860 0.584617 0.037228 0.080906 2 0.5336 0.395601 0.337976 0.018998 0.044977 0 0.3462 0.242181 0.634435 0.038099 0.074410 4 0.3203 0.966374 0.879220 0.067253 0.187314
CCTV02^20260511-140000-20260511-142440_002852,9 0.9169 0.455174 0.378712 0.033978 0.074376 3 0.8965 0.414704 0.677914 0.050418 0.088959 10 0.8734 0.346466 0.406465 0.045254 0.131381 3 0.8706 0.287712 0.746820 0.095843 0.101229 3 0.8693 0.318873 0.313450 0.021780 0.035819 5 0.8555 0.636062 0.348043 0.033279 0.055939 2 0.8482 0.257560 0.667901 0.051930 0.079978 2 0.842 0.159474 0.687151 0.042746 0.080452 2 0.8365 0.375530 0.492109 0.025057 0.056084 2 0.8292 0.384764 0.437734 0.021778 0.051804 2 0.823 0.273507 0.557307 0.030056 0.062115 2 0.8104 0.958005 0.710924 0.049674 0.093935 2 0.8054 0.307217 0.544384 0.027224 0.058895 2 0.7957 0.314156 0.389169 0.019374 0.045982 2 0.677 0.801525 0.462723 0.030687 0.059401 10 0.6594 0.414414 0.307137 0.032504 0.094566 2 0.5101 0.918144 0.583100 0.037433 0.078678
CCTV02^20260511-140000-20260511-142440_002856,10 0.8772 0.347635 0.406318 0.046674 0.133069 3 0.8671 0.319068 0.313477 0.021848 0.035254 3 0.8613 0.446425 0.408112 0.025789 0.048585 5 0.8368 0.636765 0.349366 0.033426 0.055320 2 0.8287 0.159779 0.688046 0.041752 0.078262 2 0.8156 0.957990 0.712025 0.050378 0.094955 2 0.7947 0.341050 0.560761 0.031271 0.066481 2 0.7911 0.314304 0.389780 0.018565 0.047366 2 0.7821 0.309048 0.541664 0.026742 0.060076 2 0.7787 0.272967 0.559182 0.031095 0.062043 2 0.749 0.782271 0.559487 0.034128 0.067989 2 0.6557 0.595585 0.344339 0.018375 0.040481 2 0.6253 0.917722 0.584514 0.037756 0.080727 2 0.3271 0.384562 0.301915 0.019559 0.037531 0 0.3193 0.238381 0.642217 0.039186 0.076910
CCTV02^20260511-140000-20260511-142440_002860,5 0.9041 0.636240 0.347679 0.034895 0.055599 3 0.8613 0.318874 0.313149 0.021815 0.035045 10 0.8558 0.347449 0.405384 0.045962 0.132553 2 0.8504 0.256355 0.747937 0.050035 0.094964 2 0.8368 0.158968 0.688303 0.042162 0.080422 2 0.8187 0.282146 0.632463 0.042514 0.079911 2 0.8142 0.615298 0.390033 0.023995 0.046576 2 0.8047 0.958110 0.710675 0.049200 0.091662 2 0.7999 0.283059 0.533815 0.038980 0.059436 2 0.7971 0.386162 0.389109 0.019919 0.041714 2 0.797 0.654656 0.459021 0.029123 0.056733 2 0.7924 0.314392 0.389814 0.017777 0.046220 2 0.7839 0.587705 0.392231 0.022841 0.044155 2 0.783 0.899112 0.723914 0.041259 0.111633 2 0.7775 0.552446 0.318128 0.019264 0.039016 2 0.7654 0.413666 0.396728 0.018958 0.043853 2 0.6794 0.795290 0.604883 0.046940 0.079347 2 0.6784 0.387801 0.324710 0.017344 0.037991 0 0.6299 0.238739 0.636894 0.036164 0.075236 2 0.4656 0.917445 0.582493 0.036900 0.077554
CCTV02^20260511-140000-20260511-142440_002864,10 0.8771 0.347474 0.405830 0.045695 0.132263 3 0.868 0.513645 0.334219 0.025229 0.041974 3 0.861 0.319127 0.313239 0.022243 0.035605 2 0.8601 0.952987 0.852356 0.051990 0.118538 2 0.8579 0.311188 0.685178 0.036892 0.082394 3 0.8337 0.578667 0.428583 0.034562 0.060107 2 0.8122 0.161007 0.687574 0.044907 0.080397 2 0.8018 0.314198 0.389193 0.018657 0.047252 2 0.7927 0.621621 0.367583 0.022611 0.043664 5 0.7897 0.636823 0.349127 0.032725 0.053451 2 0.7606 0.915549 0.746541 0.044676 0.099549 2 0.7397 0.958200 0.706053 0.046614 0.084232 1 0.544 0.778179 0.464978 0.017108 0.049432 2 0.4692 0.917610 0.582270 0.037078 0.078550
CCTV02^20260511-140000-20260511-142440_002868,10 0.8721 0.347557 0.405734 0.045429 0.132126 3 0.8649 0.468443 0.560571 0.033359 0.068427 3 0.8637 0.319113 0.313245 0.021647 0.035443 2 0.8414 0.159805 0.687371 0.042936 0.080196 2 0.8362 0.957660 0.710180 0.050220 0.092087 2 0.8147 0.313974 0.389805 0.017997 0.047130 3 0.8114 0.588065 0.415234 0.033309 0.053507 2 0.7817 0.299451 0.542620 0.026299 0.062061 2 0.778 0.394147 0.350467 0.019428 0.040519 2 0.7559 0.702423 0.433528 0.027586 0.051703 2 0.6927 0.849234 0.549062 0.040135 0.070619 5 0.6893 0.636178 0.348202 0.033315 0.056686 7 0.5718 0.406331 0.431729 0.033116 0.079309 3 0.471 0.335262 0.918802 0.075195 0.153035 1 0.4253 0.600334 0.370655 0.014602 0.039753 2 0.4113 0.918161 0.583272 0.035877 0.077385 4 0.2675 0.511082 0.291787 0.034985 0.054704 9 0.2295 0.510745 0.291814 0.036066 0.054559
CCTV02^20260511-140000-20260511-142440_002872,10 0.8929 0.612245 0.511938 0.088304 0.193110 10 0.8799 0.347704 0.405790 0.045486 0.131374 3 0.851 0.319104 0.313202 0.022284 0.035441 5 0.8476 0.636212 0.347746 0.033298 0.055726 2 0.8438 0.159726 0.687367 0.043348 0.079939 3 0.8393 0.524524 0.359481 0.027139 0.056635 2 0.8277 0.957839 0.709843 0.049984 0.094401 2 0.8249 0.268478 0.585930 0.032778 0.075659 2 0.8034 0.313990 0.388966 0.018986 0.048927 2 0.7678 0.881142 0.529003 0.031212 0.067782 2 0.7668 0.702662 0.433792 0.027057 0.052202
CCTV02^20260511-140000-20260511-142440_002876,10 0.9 0.571638 0.326897 0.062842 0.102590 3 0.8788 0.319022 0.313603 0.021670 0.035396 10 0.8731 0.347481 0.405876 0.044462 0.132384 2 0.8436 0.391832 0.439259 0.023544 0.046421 2 0.8413 0.270254 0.586668 0.035576 0.072940 2 0.8336 0.159546 0.688141 0.042736 0.079910 2 0.8173 0.314003 0.389465 0.018680 0.047914 2 0.8005 0.880299 0.531296 0.030902 0.067253 2 0.768 0.958442 0.710990 0.046200 0.088371 2 0.7676 0.908959 0.651717 0.042243 0.094104 2 0.7657 0.702682 0.434332 0.027551 0.051577 2 0.5496 0.802949 0.503757 0.022747 0.057253 5 0.4991 0.636136 0.348199 0.032680 0.056014 3 0.4437 0.415834 0.293931 0.020395 0.036196
CCTV02^20260511-140000-20260511-142440_002880,9 0.936 0.467874 0.414405 0.035468 0.089858 5 0.8782 0.635926 0.347961 0.032956 0.056376 10 0.8731 0.335580 0.852290 0.176778 0.294869 3 0.8726 0.318974 0.313573 0.022459 0.036331 10 0.865 0.347653 0.406392 0.045369 0.131030 3 0.8389 0.419670 0.389708 0.024214 0.045632 2 0.8113 0.314144 0.390637 0.018717 0.049179 2 0.7949 0.159902 0.682673 0.042973 0.071161 2 0.7937 0.386226 0.370969 0.020891 0.045218 2 0.7737 0.779168 0.464602 0.037252 0.058566 2 0.7707 0.909646 0.653168 0.044557 0.097817 3 0.6625 0.177496 0.757360 0.107435 0.103402
CCTV02^20260511-140000-20260511-142440_002884,10 0.9017 0.682958 0.702143 0.134639 0.315030 4 0.8935 0.411771 0.402663 0.029116 0.059651 10 0.872 0.347948 0.405676 0.045708 0.132445 3 0.8654 0.318909 0.313718 0.022247 0.036214 5 0.8434 0.635867 0.347968 0.033688 0.056114 2 0.8241 0.159298 0.689429 0.041680 0.078887 2 0.8147 0.314001 0.390154 0.019460 0.049020 2 0.7948 0.217301 0.692906 0.054683 0.080051 0 0.682 0.323879 0.665902 0.034137 0.082031 2 0.5978 0.917470 0.584076 0.035391 0.076309 2 0.5044 0.794272 0.467277 0.031716 0.064003 2 0.391 0.978998 0.686156 0.041896 0.097602
CCTV02^20260511-140000-20260511-142440_002888,10 0.8975 0.712623 0.700037 0.144161 0.313403 3 0.8877 0.600246 0.578744 0.049596 0.080009 10 0.8789 0.347682 0.405522 0.045731 0.132027 5 0.8784 0.635905 0.347898 0.032358 0.055811 3 0.8642 0.530917 0.364874 0.027685 0.046130 3 0.8625 0.318985 0.313150 0.022569 0.035997 2 0.847 0.159724 0.687104 0.043357 0.080490 3 0.8198 0.579846 0.486255 0.036132 0.062075 2 0.8118 0.313932 0.389247 0.018320 0.047740 2 0.7899 0.356656 0.587909 0.031731 0.074691 2 0.541 0.917782 0.581131 0.036355 0.076792 0 0.492 0.755079 0.466851 0.027648 0.062647 2 0.3526 0.978541 0.687799 0.042626 0.099346 2 0.3339 0.380211 0.293608 0.016240 0.039618
CCTV02^20260511-140000-20260511-142440_002892,3 0.8927 0.537059 0.405412 0.031210 0.056138 5 0.8785 0.636722 0.348097 0.033266 0.054550 10 0.8721 0.348060 0.405879 0.044357 0.131203 5 0.8699 0.621865 0.475373 0.059885 0.114576 3 0.8553 0.446179 0.552467 0.033402 0.067536 2 0.8456 0.160296 0.686204 0.041975 0.076980 3 0.8318 0.318836 0.312844 0.021525 0.034107 2 0.796 0.314030 0.389620 0.018440 0.047797 2 0.7782 0.403294 0.398350 0.018648 0.043616 2 0.7748 0.712103 0.448168 0.028271 0.057549 3 0.7617 0.498987 0.314771 0.026650 0.046650 4 0.7597 0.106927 0.751582 0.119999 0.094044 2 0.7292 0.389013 0.369124 0.017978 0.039398 2 0.72 0.755774 0.468359 0.025680 0.059517 2 0.6723 0.785659 0.466568 0.027217 0.057060 3 0.6493 0.456052 0.385556 0.026304 0.054678 2 0.5932 0.816731 0.476320 0.024797 0.054673 2 0.4911 0.918121 0.581762 0.036527 0.078568 2 0.3632 0.978476 0.686217 0.043048 0.097682
CCTV02^20260511-140000-20260511-142440_002896,10 0.8692 0.347742 0.406003 0.044708 0.130471 3 0.8646 0.319317 0.313232 0.022032 0.035997 2 0.8591 0.766728 0.484204 0.044308 0.058250 3 0.8495 0.436619 0.394443 0.024275 0.045324 5 0.8427 0.635595 0.347337 0.032627 0.055962 2 0.8345 0.159538 0.687499 0.042868 0.082415 2 0.8107 0.390945 0.398861 0.020582 0.045644 2 0.7945 0.597262 0.362095 0.021507 0.042838 2 0.7928 0.919831 0.770507 0.042305 0.096993 2 0.7819 0.822716 0.502054 0.025430 0.060518 2 0.7702 0.923029 0.679448 0.036143 0.081973 2 0.7667 0.314148 0.391080 0.018081 0.047300 2 0.5593 0.324236 0.618953 0.029366 0.077003 0 0.4584 0.324533 0.620571 0.029748 0.079466
CCTV07^20260116-060000-20260116-065959_003584,12 0.8763 0.141405 0.766605 0.052544 0.179874 3 0.7943 0.635360 0.747376 0.060565 0.071375 12 0.7684 0.128678 0.650231 0.030076 0.056069 3 0.4413 0.405619 0.553839 0.027533 0.034390 11 0.3592 0.293538 0.471342 0.018983 0.041358 4 0.3328 0.405951 0.553883 0.027945 0.034786 5 0.3293 0.794109 0.848213 0.094762 0.121834
CCTV07^20260116-060000-20260116-065959_003588,12 0.8818 0.141547 0.766551 0.052911 0.179528 12 0.7647 0.128536 0.650813 0.029561 0.055570 12 0.7422 0.627853 0.734184 0.127337 0.188391 9 0.3943 0.255874 0.554179 0.022907 0.045672 11 0.2414 0.256125 0.553469 0.023510 0.046436
CCTV07^20260116-060000-20260116-065959_003592,12 0.8802 0.141501 0.766966 0.052400 0.179739 3 0.8031 0.411843 0.555067 0.025708 0.036493 12 0.7494 0.128710 0.650170 0.029902 0.056384 5 0.5122 0.375314 0.552048 0.023373 0.040587
CCTV07^20260116-060000-20260116-065959_003596,12 0.8854 0.141401 0.766780 0.052272 0.179274 12 0.7628 0.128390 0.650503 0.029599 0.055752 12 0.6077 0.211634 0.467436 0.020526 0.042662
CCTV07^20260116-060000-20260116-065959_003600,11 0.9029 0.227036 0.489485 0.025960 0.058354 12 0.8869 0.141552 0.766799 0.052725 0.179992 3 0.7732 0.496013 0.653009 0.042199 0.052759 12 0.7552 0.128667 0.651130 0.029475 0.055009 4 0.4959 0.450562 0.549092 0.032694 0.034769 4 0.303 0.449563 0.541096 0.032671 0.037971
CCTV07^20260116-060000-20260116-065959_003604,12 0.892 0.141493 0.766957 0.052585 0.179752 3 0.7512 0.345302 0.713866 0.038387 0.049949 12 0.7332 0.128663 0.650672 0.030136 0.055744 2 0.6866 0.169162 0.534957 0.011926 0.024587 11 0.6159 0.310816 0.567608 0.041098 0.083240 9 0.5365 0.416930 0.560117 0.043384 0.069647 11 0.4435 0.205540 0.456031 0.014732 0.033988 12 0.2958 0.310598 0.567808 0.041850 0.081648 11 0.2357 0.181668 0.419008 0.011662 0.025727 11 0.215 0.416907 0.561133 0.044643 0.070891
CCTV07^20260116-060000-20260116-065959_003608,12 0.8912 0.141574 0.766778 0.052559 0.180076 3 0.8509 0.354697 0.651317 0.031808 0.041459 9 0.8132 0.314495 0.660329 0.038690 0.068753 9 0.7876 0.622233 0.745502 0.077412 0.094922 12 0.7402 0.128640 0.650230 0.029911 0.056396 5 0.3264 0.321430 0.604661 0.025376 0.036278 4 0.2649 0.321260 0.605680 0.025960 0.036962
CCTV07^20260116-060000-20260116-065959_003612,12 0.8924 0.141472 0.767040 0.052513 0.179714 12 0.7601 0.128396 0.650840 0.029759 0.055039 3 0.7454 0.254391 0.552021 0.018094 0.028110 3 0.4118 0.278882 0.547030 0.025020 0.027826
CCTV07^20260116-060000-20260116-065959_003627,12 0.8803 0.141488 0.766820 0.052772 0.179028 12 0.7535 0.128631 0.650731 0.029470 0.055746
CCTV07^20260116-060000-20260116-065959_003631,12 0.8711 0.141578 0.767295 0.051674 0.180393 12 0.8202 0.274799 0.568787 0.040203 0.080199 12 0.7592 0.128658 0.650221 0.029480 0.056511 10 0.718 0.416400 0.782999 0.128466 0.207282 0 0.6575 0.200300 0.704161 0.017647 0.053980 2 0.5043 0.200148 0.703797 0.018258 0.052948 5 0.3512 0.571356 0.721033 0.052300 0.071249
CCTV07^20260116-060000-20260116-065959_003635,12 0.89 0.141397 0.766980 0.052326 0.179661 12 0.7575 0.128587 0.650615 0.029469 0.054689 12 0.4045 0.192705 0.436908 0.016505 0.033733 11 0.2492 0.254079 0.546133 0.032018 0.059805
CCTV07^20260116-060000-20260116-065959_003639,12 0.8901 0.141578 0.766849 0.052437 0.179617 12 0.8696 0.307416 0.632913 0.047115 0.098037 12 0.7528 0.128906 0.650657 0.029519 0.054458 0 0.7501 0.612622 0.621444 0.029714 0.047758 9 0.4903 0.404550 0.701647 0.045241 0.070424 2 0.3831 0.178917 0.497345 0.009331 0.019461
CCTV07^20260116-060000-20260116-065959_003688,12 0.8972 0.141361 0.767253 0.052378 0.179291 12 0.7593 0.128938 0.651107 0.029587 0.054379 11 0.6352 0.304130 0.556811 0.030799 0.071679 3 0.5328 0.218570 0.488476 0.013818 0.022100
CCTV07^20260116-060000-20260116-065959_003692,12 0.8923 0.141448 0.767653 0.052478 0.179802 12 0.786 0.321427 0.663188 0.047706 0.093689 12 0.7547 0.217603 0.479394 0.022666 0.049563 12 0.7524 0.128839 0.650879 0.029204 0.054325 9 0.6961 0.421286 0.586384 0.029359 0.049383 1 0.6191 0.366434 0.693032 0.012892 0.036465 2 0.5646 0.162653 0.514282 0.012054 0.023005
CCTV07^20260116-060000-20260116-065959_003696,12 0.8979 0.141213 0.767250 0.051823 0.179404 12 0.8377 0.234574 0.470050 0.022027 0.045588 3 0.7729 0.431631 0.570266 0.026812 0.037307 12 0.7589 0.128902 0.650797 0.029054 0.055109 2 0.7071 0.167597 0.537717 0.012074 0.024369 4 0.3896 0.431287 0.570948 0.026785 0.036853 12 0.2566 0.202285 0.459834 0.014831 0.028610
CCTV07^20260116-060000-20260116-065959_003700,12 0.8949 0.141296 0.767074 0.052419 0.179470 2 0.8136 0.188481 0.680233 0.019093 0.044615 12 0.7652 0.128605 0.650340 0.028849 0.056075 12 0.3415 0.223820 0.672888 0.024855 0.068314 4 0.2104 0.362834 0.483661 0.020274 0.026369
CCTV07^20260116-060000-20260116-065959_003704,12 0.8982 0.141222 0.767118 0.052162 0.179542 12 0.7614 0.128629 0.650532 0.028944 0.055867 1 0.4962 0.637080 0.745769 0.020721 0.032316 0 0.3951 0.729334 0.699753 0.030436 0.054152
CCTV07^20260116-060000-20260116-065959_003708,12 0.896 0.141243 0.767354 0.052150 0.179586 12 0.7594 0.128604 0.650627 0.029162 0.055939
CCTV07^20260116-060000-20260116-065959_003712,12 0.8961 0.141368 0.767265 0.052260 0.180044 12 0.7738 0.128741 0.650337 0.028990 0.055540 0 0.6823 0.875628 0.770831 0.031719 0.056216 1 0.304 0.405132 0.554609 0.011970 0.021432
CCTV07^20260116-060000-20260116-065959_003716,12 0.8978 0.295925 0.551155 0.037382 0.076835 12 0.8969 0.141351 0.767100 0.052347 0.179472 5 0.8735 0.681375 0.770003 0.061521 0.082390 2 0.7918 0.169891 0.549593 0.013525 0.027012 12 0.7601 0.128663 0.650923 0.028916 0.055486 3 0.7073 0.397312 0.565009 0.026051 0.034717
CCTV07^20260116-060000-20260116-065959_003720,12 0.8921 0.141362 0.767263 0.052537 0.179306 12 0.7562 0.128770 0.650570 0.028756 0.055919 2 0.6734 0.181157 0.655151 0.016669 0.040938
CCTV07^20260116-060000-20260116-065959_003724,12 0.898 0.141313 0.767386 0.052297 0.180114 12 0.776 0.128866 0.650679 0.029054 0.055349 3 0.7326 0.250638 0.503823 0.014812 0.022783 11 0.3567 0.283110 0.451310 0.018060 0.036767
CCTV07^20260116-060000-20260116-065959_003728,12 0.899 0.487585 0.593911 0.061148 0.094081 12 0.8977 0.141260 0.767259 0.052041 0.179373 12 0.7688 0.129007 0.649717 0.028874 0.056865 1 0.4056 0.459839 0.613975 0.014104 0.034918 2 0.385 0.170950 0.572415 0.013818 0.030887 3 0.3643 0.302814 0.479174 0.020415 0.023550
CCTV07^20260116-060000-20260116-065959_003732,12 0.8965 0.141257 0.767183 0.052084 0.179309 12 0.7766 0.128846 0.650755 0.029032 0.055077
CCTV07^20260116-060000-20260116-065959_003736,12 0.8944 0.141316 0.767477 0.052328 0.179730 12 0.7712 0.128671 0.650619 0.028922 0.054885 1 0.704 0.311351 0.726424 0.014803 0.030968 9 0.4558 0.628349 0.720801 0.061290 0.066064
CCTV07^20260116-060000-20260116-065959_003740,12 0.8955 0.141295 0.767236 0.052386 0.179267 2 0.7892 0.773169 0.714930 0.032698 0.061662 12 0.7622 0.128426 0.650258 0.028901 0.055524 1 0.6491 0.311223 0.726092 0.015416 0.031020 3 0.5103 0.388849 0.743343 0.045702 0.058877
CCTV07^20260116-060000-20260116-065959_003744,12 0.8743 0.141809 0.759068 0.051255 0.172678 10 0.8126 0.262428 0.544395 0.038829 0.071159 12 0.7787 0.128355 0.647215 0.027637 0.051047 1 0.6774 0.311069 0.728345 0.014665 0.028381 12 0.4987 0.552336 0.681357 0.078578 0.109957
CCTV07^20260116-060000-20260116-065959_003748,12 0.9091 0.141619 0.730407 0.055940 0.154196 1 0.7579 0.311346 0.727294 0.013477 0.028711 12 0.5862 0.126621 0.639175 0.026377 0.032970 3 0.4094 0.211409 0.477023 0.013574 0.021614 9 0.2572 0.332996 0.677483 0.031649 0.074099 7 0.2481 0.332972 0.677360 0.031766 0.074565
CCTV07^20260116-060000-20260116-065959_003752,12 0.9423 0.141950 0.722244 0.062325 0.149499 1 0.6993 0.311256 0.727767 0.014497 0.029079 2 0.668 0.163902 0.525057 0.011717 0.025189 12 0.6167 0.260788 0.975275 0.097246 0.049450 3 0.3819 0.229674 0.478145 0.012795 0.019049
CCTV07^20260116-060000-20260116-065959_003756,12 0.9379 0.134599 0.701598 0.088912 0.127618 10 0.891 0.297918 0.571222 0.048389 0.086097 12 0.8879 0.206623 0.791822 0.057248 0.169617 3 0.7241 0.264443 0.522743 0.016187 0.024697 1 0.7101 0.310258 0.725575 0.013265 0.028436 2 0.6641 0.167289 0.506748 0.009960 0.022449 2 0.4599 0.948931 0.810556 0.046967 0.072578 1 0.3023 0.234719 0.535228 0.008922 0.019918
CCTV07^20260116-060000-20260116-065959_003760,12 0.934 0.127962 0.695632 0.091496 0.125395 12 0.921 0.204794 0.784255 0.058450 0.163547 12 0.8355 0.204484 0.652950 0.027323 0.057206 12 0.6937 0.140831 0.855022 0.079607 0.195929 12 0.6438 0.215301 0.474699 0.020533 0.042511 11 0.4065 0.247832 0.492595 0.020436 0.045149 9 0.3027 0.140984 0.854927 0.079702 0.199685
CCTV07^20260116-060000-20260116-065959_003764,12 0.9234 0.205287 0.780365 0.058162 0.172787 12 0.8975 0.136707 0.795850 0.056996 0.166289 5 0.8072 0.784215 0.845035 0.081302 0.103454 12 0.7314 0.148440 0.695789 0.107286 0.120613 3 0.6957 0.368749 0.551932 0.024359 0.033642 3 0.6848 0.254054 0.546519 0.019089 0.030790 2 0.5348 0.820639 0.748313 0.042866 0.066081 5 0.339 0.337067 0.500622 0.021929 0.034438 2 0.3332 0.160333 0.494748 0.011927 0.027478
CCTV10^20251112-170000-20251112-175959_004127,11 0.7775 0.830296 0.665349 0.086082 0.108170 5 0.746 0.332813 0.615669 0.030955 0.059898 9 0.6679 0.357217 0.712525 0.084796 0.125747 12 0.3859 0.357513 0.712989 0.086097 0.123567 2 0.3519 0.108094 0.714715 0.027441 0.058533
CCTV10^20251112-170000-20251112-175959_004130,3 0.8131 0.592631 0.937981 0.073355 0.103065 11 0.7897 0.831833 0.664788 0.083631 0.104229 1 0.7249 0.840878 0.748453 0.034635 0.069617
CCTV10^20251112-170000-20251112-175959_004134,10 0.8521 0.467618 0.833675 0.150164 0.222425 2 0.8138 0.192849 0.947188 0.050839 0.091947 2 0.793 0.105723 0.807595 0.030023 0.059695 11 0.7896 0.831342 0.667154 0.082905 0.108047 2 0.7052 0.135605 0.880218 0.038875 0.074804 2 0.6434 0.140100 0.825009 0.032924 0.060109
CCTV10^20251112-170000-20251112-175959_004138,3 0.8166 0.399031 0.635918 0.033696 0.052975 11 0.8094 0.831608 0.665991 0.084803 0.106456 3 0.6962 0.845778 0.842883 0.084523 0.125833 2 0.6766 0.123701 0.722349 0.028839 0.060767
CCTV10^20251112-170000-20251112-175959_004142,10 0.8779 0.711224 0.643823 0.076312 0.118394 2 0.8354 0.154569 0.854383 0.038299 0.075443 11 0.7733 0.832188 0.667571 0.081174 0.109855 5 0.764 0.667977 0.951021 0.085904 0.097957 2 0.7623 0.114739 0.762808 0.029140 0.051364 2 0.6366 0.122103 0.709146 0.028985 0.056065 0 0.4809 0.107855 0.817407 0.028439 0.066198 10 0.3847 0.754638 0.637830 0.074291 0.112539 2 0.3479 0.108024 0.817365 0.029685 0.066183
CCTV10^20251112-170000-20251112-175959_004146,10 0.8659 0.459754 0.771912 0.118369 0.176798 0 0.7845 0.172870 0.923832 0.049563 0.096720 11 0.7631 0.831090 0.666008 0.082168 0.106213 3 0.5618 0.606842 0.646797 0.043275 0.059290 1 0.4098 0.800678 0.701264 0.023894 0.063071 1 0.2232 0.114629 0.739786 0.021507 0.053561
CCTV10^20251112-170000-20251112-175959_004150,11 0.8179 0.832883 0.664734 0.086684 0.106540 2 0.7367 0.125011 0.781442 0.037108 0.069702 4 0.7308 0.698849 0.911694 0.093922 0.107031 1 0.6324 0.378708 0.661336 0.026734 0.051940 1 0.5767 0.249551 0.696492 0.024352 0.052422 3 0.4656 0.813084 0.779873 0.067091 0.101392 3 0.4556 0.594202 0.598153 0.034158 0.050571 1 0.4236 0.396284 0.908226 0.036780 0.069393 5 0.3416 0.812420 0.779903 0.066482 0.101864
CCTV10^20251112-170000-20251112-175959_004153,5 0.8747 0.598332 0.598237 0.038174 0.059830 2 0.809 0.115996 0.775229 0.032795 0.062551 11 0.7813 0.831588 0.666713 0.084936 0.108908 1 0.7359 0.140166 0.854777 0.027606 0.065033 9 0.3547 0.392218 0.622820 0.048022 0.096870
CCTV10^20251112-170000-20251112-175959_004157,3 0.8341 0.855193 0.897759 0.090580 0.122748 11 0.799 0.831269 0.667324 0.083658 0.109381 2 0.7967 0.150145 0.801280 0.036082 0.066785 0 0.578 0.201451 0.869467 0.035125 0.074294 0 0.3716 0.557299 0.660211 0.047347 0.075814 4 0.341 0.556760 0.660638 0.047725 0.075107 4 0.1543 0.626955 0.604478 0.040475 0.054289 7 0.1345 0.952973 0.677984 0.042993 0.062897
CCTV10^20251112-170000-20251112-175959_004161,5 0.8766 0.768905 0.767268 0.071658 0.108174 2 0.7691 0.130311 0.869787 0.039763 0.086710 11 0.7577 0.831200 0.666860 0.083653 0.108601 3 0.6368 0.434160 0.627085 0.034571 0.048695 3 0.4618 0.971318 0.701640 0.041736 0.058120 1 0.3738 0.249529 0.700659 0.023654 0.052362 5 0.2996 0.971394 0.700988 0.041626 0.056300
CCTV10^20251112-170000-20251112-175959_004165,10 0.8479 0.691736 0.619151 0.074362 0.114590 2 0.812 0.209210 0.873661 0.047756 0.098948 11 0.7792 0.831045 0.667515 0.082854 0.107993 5 0.6069 0.625117 0.597616 0.035069 0.058460
CCTV10^20251112-170000-20251112-175959_004431,10 0.9046 0.867008 0.784007 0.143066 0.217122 1 0.5934 0.232197 0.695134 0.025744 0.056947
CCTV10^20251112-170000-20251112-175959_004435,1 0.7246 0.804427 0.690008 0.023467 0.057059 2 0.7077 0.133600 0.771590 0.033676 0.064885 1 0.5926 0.238321 0.692744 0.023750 0.049422 1 0.3781 0.399931 0.905698 0.038793 0.076518
CCTV10^20251112-170000-20251112-175959_004439,11 0.8815 0.229088 0.928462 0.123395 0.143076 10 0.8565 0.294292 0.700600 0.088296 0.142904 2 0.7544 0.134529 0.867781 0.038089 0.084113 5 0.5103 0.648153 0.595155 0.042194 0.068001 4 0.2094 0.648414 0.595148 0.041517 0.068825
CCTV10^20251112-170000-20251112-175959_004442,2 0.7839 0.126597 0.728718 0.027778 0.053605 1 0.7474 0.121381 0.795355 0.025819 0.054535 1 0.5047 0.731224 0.607223 0.017752 0.038815
CCTV10^20251112-170000-20251112-175959_004447,7 0.8786 0.177004 0.829122 0.061975 0.098220 3 0.8455 0.804487 0.836600 0.082050 0.108168 6 0.7087 0.392480 0.714358 0.077224 0.123766 0 0.7032 0.179571 0.954437 0.054272 0.091125 1 0.6512 0.804380 0.724394 0.029287 0.060023 3 0.6502 0.658082 0.948316 0.077470 0.094455 5 0.4606 0.116734 0.684925 0.037206 0.066319
CCTV10^20251112-170000-20251112-175959_004452,11 0.8766 0.458146 0.757001 0.078908 0.141588 1 0.6355 0.249573 0.711435 0.029526 0.053047 3 0.6263 0.575221 0.606600 0.034964 0.059432 1 0.5129 0.300030 0.843215 0.032853 0.062332 3 0.3871 0.631988 0.594969 0.033176 0.055839 5 0.2952 0.576180 0.607109 0.035945 0.058366
CCTV10^20251112-170000-20251112-175959_004456,10 0.8328 0.500214 0.887007 0.174767 0.223729 3 0.7875 0.596188 0.627554 0.049837 0.065189 10 0.4129 0.937594 0.870682 0.124197 0.257753
CCTV10^20251112-170000-20251112-175959_004461,0 0.8302 0.171062 0.835567 0.034810 0.082924 0 0.8067 0.119360 0.854813 0.035192 0.077953 1 0.7073 0.257317 0.940959 0.038691 0.078158
CCTV10^20251112-170000-20251112-175959_004465,1 0.7141 0.356816 0.838013 0.040291 0.066167 2 0.5481 0.230516 0.897160 0.052896 0.092848 11 0.5217 0.105723 0.774340 0.039350 0.080591 0 0.3385 0.229694 0.896001 0.053649 0.093975 4 0.1977 0.105640 0.774589 0.039365 0.079465 7 0.1395 0.105628 0.775993 0.039296 0.077126
CCTV10^20251112-170000-20251112-175959_004468,10 0.8418 0.359878 0.730096 0.099018 0.158686 2 0.38 0.106192 0.694134 0.028281 0.066146 0 0.3611 0.187507 0.963327 0.049822 0.073345
CCTV10^20251112-170000-20251112-175959_004476,1 0.6348 0.125198 0.869466 0.027964 0.070094
CCTV10^20251112-170000-20251112-175959_004480,2 0.6491 0.112033 0.693073 0.029621 0.063935
CCTV10^20251112-170000-20251112-175959_004484,10 0.8481 0.413496 0.673254 0.080239 0.149700 2 0.8206 0.162245 0.914247 0.049209 0.086327
CCTV10^20251112-170000-20251112-175959_004488,10 0.8654 0.338726 0.647354 0.060159 0.121105 3 0.8135 0.436826 0.703587 0.042248 0.063480 3 0.8054 0.503397 0.713855 0.046577 0.069579 1 0.6492 0.265603 0.755676 0.029227 0.057842 1 0.4105 0.117130 0.715205 0.020428 0.051431 1 0.3924 0.243568 0.708277 0.023760 0.048286
CCTV10^20251112-170000-20251112-175959_004492,1 0.6131 0.213415 0.713961 0.024242 0.052587 3 0.5358 0.427748 0.605302 0.026946 0.044066 5 0.3515 0.984997 0.708831 0.029865 0.068440
CCTV10^20251112-170000-20251112-175959_004497,2 0.6828 0.136453 0.766293 0.031749 0.067286 2 0.6811 0.127541 0.857160 0.036127 0.074761 2 0.6217 0.090300 0.742917 0.028891 0.063017 0 0.3452 0.100522 0.795121 0.025223 0.055044
CCTV10^20251112-170000-20251112-175959_004500,10 0.8514 0.632330 0.621965 0.076188 0.100242 3 0.8499 0.836868 0.870369 0.084560 0.101324 10 0.8281 0.329499 0.620828 0.052515 0.113980 1 0.7043 0.265229 0.752125 0.034280 0.069443 5 0.5001 0.853064 0.783826 0.078743 0.106767
CCTV10^20251112-170000-20251112-175959_004504,10 0.8891 0.820330 0.738777 0.124021 0.187820 0 0.4753 0.183049 0.953430 0.056699 0.093140 2 0.4023 0.182887 0.953398 0.057194 0.093150
CCTV10^20251112-170000-20251112-175959_004509,3 0.566 0.579691 0.610046 0.043322 0.063014 2 0.547 0.131237 0.711457 0.026112 0.059833 0 0.4647 0.241060 0.914034 0.040641 0.082191
CCTV10^20251112-170000-20251112-175959_004513,1 0.7184 0.296207 0.805161 0.033338 0.064319 1 0.67 0.334234 0.782271 0.035055 0.059253 0 0.511 0.104217 0.717777 0.024280 0.052375
CCTV10^20251112-170000-20251112-175959_004517,6 0.7927 0.468532 0.777384 0.100706 0.178588 3 0.7587 0.725208 0.744891 0.071112 0.086915 1 0.636 0.850571 0.746585 0.024592 0.061944 1 0.6133 0.359874 0.843463 0.033026 0.060340 10 0.4497 0.431578 0.594669 0.050521 0.094844
CCTV10^20251112-170000-20251112-175959_004521,10 0.8555 0.299875 0.676036 0.067724 0.115452 2 0.3334 0.117365 0.705350 0.029406 0.066585
CCTV10^20251112-170000-20251112-175959_004524,3 0.8112 0.785698 0.761297 0.063341 0.094496 3 0.7814 0.660435 0.617019 0.036089 0.052992 0 0.3755 0.115657 0.722467 0.029606 0.065977
CCTV10^20251112-170000-20251112-175959_004528,10 0.8544 0.335189 0.654422 0.060319 0.119243 1 0.6841 0.177379 0.925342 0.035594 0.072175 0 0.6563 0.114581 0.720171 0.028297 0.068135 1 0.5763 0.357117 0.786486 0.035189 0.063035
CCTV10^20251112-170000-20251112-175959_004532,10 0.8859 0.627800 0.565864 0.050929 0.083365 3 0.8571 0.565123 0.957574 0.076773 0.084851 2 0.614 0.097702 0.782295 0.028802 0.070416 2 0.5279 0.143797 0.787109 0.030308 0.064133 3 0.502 0.640831 0.919104 0.085438 0.122449 2 0.4738 0.099239 0.728787 0.026515 0.061003 5 0.4309 0.640986 0.919300 0.086776 0.122251 1 0.4167 0.792074 0.653484 0.018588 0.046176 0 0.2506 0.143783 0.787073 0.029752 0.063749
CCTV10^20251112-170000-20251112-175959_004536,10 0.8318 0.704758 0.615426 0.054156 0.081158 5 0.6996 0.881563 0.833676 0.087716 0.128704 1 0.5669 0.237397 0.695848 0.022606 0.049255 2 0.5363 0.183633 0.960206 0.055298 0.079588 1 0.3999 0.088836 0.812233 0.019304 0.056487
CCTV10^20251112-170000-20251112-175959_004540,10 0.5749 0.581263 0.555340 0.046975 0.076228 2 0.56 0.140908 0.783738 0.033018 0.070657
CCTV10^20251112-170000-20251112-175959_004544,3 0.8227 0.683292 0.633773 0.040462 0.054227 3 0.7697 0.593858 0.648362 0.056085 0.066439 3 0.5042 0.561738 0.587351 0.035443 0.054400
CCTV10^20251112-170000-20251112-175959_004548," "
CCTV10^20251112-170000-20251112-175959_004551,10 0.6715 0.317900 0.779799 0.134073 0.178118
CCTV10^20251112-170000-20251112-175959_004555,10 0.8713 0.338533 0.699002 0.093834 0.123357 0 0.7139 0.116984 0.834797 0.036665 0.084429 10 0.5587 0.569429 0.584134 0.050896 0.086292 1 0.435 0.176532 0.827487 0.027418 0.064798 1 0.2908 0.272354 0.957617 0.038733 0.071855
CCTV10^20251112-170000-20251112-175959_004559,5 0.9131 0.494779 0.751541 0.052395 0.092158 1 0.6032 0.231332 0.683375 0.030323 0.048954 1 0.5536 0.371602 0.766327 0.031871 0.060347 1 0.5527 0.458068 0.661175 0.031029 0.043759
CCTV10^20251112-170000-20251112-175959_004563,10 0.8842 0.291374 0.628438 0.065433 0.099609 5 0.8803 0.630962 0.620806 0.044546 0.067514 2 0.8149 0.118266 0.818703 0.034552 0.069753 0 0.6974 0.176118 0.823893 0.032136 0.071871
CCTV10^20251112-170000-20251112-175959_004568,4 0.8711 0.409904 0.663250 0.045061 0.063565 2 0.7384 0.164276 0.926410 0.054526 0.100131 1 0.3398 0.397896 0.935653 0.037785 0.070545
CCTV10^20251112-170000-20251112-175959_004572,3 0.5516 0.830721 0.674586 0.042237 0.063957 1 0.4842 0.215824 0.664338 0.018988 0.048763
CCTV10^20251112-170000-20251112-175959_004575,0 0.8064 0.133773 0.877590 0.041469 0.085831 3 0.748 0.655409 0.687426 0.044514 0.061708 3 0.5541 0.830683 0.674816 0.042797 0.064086
CCTV10^20251112-170000-20251112-175959_004579,1 0.6081 0.100934 0.730770 0.019620 0.048879 3 0.5966 0.830934 0.674235 0.042774 0.064115
CCTV10^20251112-170000-20251112-175959_004583,2 0.7009 0.098541 0.777379 0.036385 0.073676 3 0.49 0.830662 0.674424 0.042168 0.062633
CCTV10^20251112-170000-20251112-175959_004587,5 0.8736 0.450873 0.748132 0.045903 0.080741 10 0.863 0.679408 0.620455 0.070875 0.101016 2 0.8197 0.220607 0.960173 0.053413 0.079654 2 0.6633 0.274359 0.952229 0.049971 0.082165 3 0.484 0.831249 0.674792 0.043815 0.065439 2 0.4158 0.132242 0.731484 0.021516 0.058528
CCTV10^20251112-170000-20251112-175959_004591,5 0.8421 0.283884 0.662977 0.032788 0.052389 2 0.7828 0.129760 0.828941 0.036983 0.076267 1 0.5431 0.714837 0.615623 0.016735 0.041465 3 0.4909 0.830709 0.674887 0.042024 0.063383 3 0.3808 0.284219 0.663141 0.033306 0.053714
CCTV10^20251112-170000-20251112-175959_004595,5 0.8891 0.585573 0.613667 0.041549 0.064826 2 0.7315 0.185169 0.924598 0.049638 0.098185 3 0.465 0.830731 0.674754 0.042258 0.064640
CCTV10^20251112-170000-20251112-175959_004599,0 0.7049 0.104807 0.803179 0.027327 0.059589 2 0.6064 0.109445 0.763304 0.028703 0.053032 3 0.4856 0.830549 0.674683 0.042126 0.063214 2 0.4161 0.139894 0.760729 0.025920 0.059058 0 0.3135 0.139977 0.760318 0.025861 0.057508
CCTV10^20251112-170000-20251112-175959_004602,10 0.8469 0.694893 0.626901 0.075190 0.109427 3 0.8191 0.405455 0.639654 0.038319 0.053800 0 0.801 0.144309 0.897730 0.036799 0.078274 4 0.7552 0.607636 0.635724 0.039845 0.056595 2 0.7192 0.101851 0.762927 0.032805 0.063276 3 0.4684 0.830680 0.674270 0.042380 0.063184
CCTV10^20251112-170000-20251112-175959_004606,10 0.8229 0.356144 0.700983 0.080961 0.146626 2 0.818 0.170828 0.835511 0.041571 0.075232 3 0.8141 0.483108 0.680829 0.039872 0.055268 3 0.7962 0.684490 0.703336 0.045617 0.060125 2 0.7927 0.233091 0.917631 0.046300 0.090139 0 0.5933 0.101049 0.713997 0.021950 0.053450 9 0.4667 0.444809 0.632606 0.039947 0.067356 2 0.4426 0.303292 0.975072 0.053110 0.049855
CCTV10^20251112-170000-20251112-175959_004610,3 0.8008 0.667612 0.633223 0.034293 0.052260 0 0.4875 0.244797 0.932178 0.040501 0.080997 3 0.4532 0.830585 0.674175 0.041892 0.063918
CCTV10^20251112-170000-20251112-175959_004614,5 0.8584 0.711715 0.656833 0.042532 0.070656 5 0.7294 0.615076 0.599387 0.033385 0.051458 1 0.5152 0.235869 0.912174 0.037757 0.077938
CCTV10^20251112-170000-20251112-175959_004618,10 0.8853 0.848405 0.764019 0.131872 0.193502 5 0.4884 0.124973 0.679909 0.031739 0.061018
CCTV10^20251112-170000-20251112-175959_004622,5 0.8883 0.720428 0.692016 0.048792 0.076639 5 0.8356 0.704316 0.724423 0.052986 0.079557 1 0.4904 0.726962 0.620063 0.019657 0.044633 3 0.4792 0.830668 0.674441 0.041828 0.062481 2 0.3032 0.127338 0.695338 0.024093 0.057462
CCTV10^20251112-170000-20251112-175959_004626,10 0.8788 0.795724 0.738923 0.101447 0.155129 5 0.8595 0.680609 0.707383 0.052443 0.075470 0 0.6945 0.187692 0.959970 0.048926 0.080061 2 0.5797 0.104892 0.691109 0.026274 0.058330 1 0.2762 0.850600 0.722284 0.019237 0.043828
CCTV10^20251112-220000-20251112-225959_006480,12 0.9216 0.513100 0.817232 0.118850 0.161520 5 0.8103 0.196390 0.948278 0.074675 0.101587 1 0.4017 0.230295 0.807816 0.024083 0.051322
CCTV10^20251112-220000-20251112-225959_006481,11 0.546 0.396810 0.686442 0.064742 0.112563 1 0.4106 0.229162 0.812134 0.023111 0.048791 9 0.3971 0.397352 0.686057 0.064616 0.111118 3 0.3758 0.114195 0.722979 0.031481 0.060249 5 0.3409 0.114170 0.722410 0.031467 0.060516
CCTV10^20251112-220000-20251112-225959_006482,1 0.3492 0.230129 0.808448 0.022877 0.052148
CCTV10^20251112-220000-20251112-225959_006483,5 0.5027 0.339220 0.711600 0.044139 0.071366 1 0.3899 0.229417 0.812061 0.022568 0.047987
CCTV10^20251112-220000-20251112-225959_006484,1 0.3439 0.228287 0.811082 0.021456 0.049145
CCTV10^20251112-220000-20251112-225959_006485,1 0.4722 0.229418 0.810764 0.023766 0.049039
CCTV10^20251112-220000-20251112-225959_006486,1 0.3683 0.385693 0.790865 0.026307 0.053444 1 0.2701 0.228777 0.812198 0.021007 0.047598
CCTV10^20251112-220000-20251112-225959_006487,6 0.7935 0.143400 0.823409 0.087784 0.129972 5 0.752 0.223636 0.958853 0.081255 0.082294 1 0.4135 0.231078 0.809291 0.025788 0.054787
CCTV10^20251112-220000-20251112-225959_006488,1 0.7103 0.160126 0.915852 0.033478 0.072042 5 0.6304 0.117705 0.796583 0.044370 0.076017 5 0.599 0.487291 0.783425 0.050814 0.085779 6 0.5462 0.111294 0.708143 0.049935 0.099339 1 0.4059 0.230650 0.807940 0.025265 0.052689 1 0.3514 0.239088 0.659995 0.017184 0.044605
CCTV10^20251112-220000-20251112-225959_006489,3 0.6559 0.440650 0.655572 0.037429 0.057579 1 0.5438 0.103934 0.753251 0.019426 0.050292 1 0.3241 0.230059 0.809524 0.023733 0.052670
CCTV10^20251112-220000-20251112-225959_006490,1 0.2094 0.229887 0.809321 0.022696 0.052276
CCTV10^20251112-220000-20251112-225959_006491,10 0.8422 0.398762 0.760467 0.113289 0.166712 1 0.4618 0.230543 0.810338 0.028288 0.055700
CCTV10^20251112-220000-20251112-225959_006492,3 0.6714 0.904539 0.855088 0.071268 0.087957 1 0.4112 0.229796 0.808827 0.027261 0.056453
CCTV10^20251112-220000-20251112-225959_006493,1 0.3197 0.230860 0.809017 0.024184 0.052441
CCTV10^20251112-220000-20251112-225959_006494,1 0.3261 0.229016 0.811450 0.022464 0.047900
CCTV10^20251112-220000-20251112-225959_006495,1 0.3488 0.230752 0.809449 0.023273 0.053206
CCTV10^20251112-220000-20251112-225959_006496,12 0.7413 0.199695 0.900321 0.117875 0.192760 5 0.6783 0.464166 0.812475 0.062109 0.090036 11 0.6357 0.198850 0.899223 0.117252 0.197391 1 0.299 0.231428 0.813043 0.022946 0.047355
CCTV10^20251112-220000-20251112-225959_006497,12 0.6881 0.117330 0.702229 0.049438 0.132042 3 0.5751 0.387720 0.658897 0.039163 0.054717 11 0.5078 0.213004 0.940930 0.102814 0.118141
CCTV10^20251112-220000-20251112-225959_006498,12 0.8533 0.161710 0.875325 0.080819 0.150204 3 0.7897 0.534220 0.776472 0.052153 0.067324 1 0.5618 0.272667 0.813127 0.032102 0.051844
CCTV10^20251112-220000-20251112-225959_006499,3 0.8163 0.456789 0.665409 0.039509 0.053687 12 0.7076 0.115708 0.700899 0.044542 0.105408 12 0.3871 0.194118 0.922648 0.105312 0.154704 1 0.232 0.254651 0.807665 0.027388 0.048181 11 0.2 0.194616 0.923219 0.102878 0.153562
CCTV10^20251112-220000-20251112-225959_006500,1 0.7254 0.141517 0.882956 0.031949 0.065627 1 0.2158 0.253097 0.807365 0.025945 0.050790
CCTV10^20251112-220000-20251112-225959_006501,5 0.6578 0.577176 0.604818 0.042144 0.070136 1 0.5389 0.107530 0.816737 0.028138 0.061145 1 0.4647 0.097197 0.747864 0.025565 0.053966 1 0.407 0.364932 0.843960 0.025432 0.051248 1 0.3011 0.252997 0.806776 0.028864 0.051371 1 0.2278 0.227321 0.807326 0.015276 0.047375
CCTV10^20251112-220000-20251112-225959_006502,1 0.6572 0.468879 0.750031 0.027059 0.047283 9 0.4367 0.628913 0.657245 0.055330 0.077276 1 0.4028 0.253170 0.806862 0.029084 0.053147 1 0.3923 0.111218 0.704485 0.018977 0.048900
CCTV10^20251112-220000-20251112-225959_006503,1 0.326 0.253703 0.806418 0.028042 0.052592 1 0.2411 0.227153 0.804866 0.016255 0.050675
CCTV10^20251112-220000-20251112-225959_006504,1 0.2745 0.252960 0.807189 0.028803 0.052005 1 0.2164 0.227160 0.808300 0.015142 0.046735
CCTV10^20251112-220000-20251112-225959_006505,1 0.3913 0.253241 0.807405 0.027761 0.050905 1 0.2168 0.226861 0.808225 0.014317 0.045432
CCTV10^20251112-220000-20251112-225959_006506,1 0.3584 0.253144 0.807426 0.025309 0.049331
CCTV10^20251112-220000-20251112-225959_006507,9 0.7619 0.831393 0.760686 0.089845 0.165243 1 0.3838 0.253447 0.806862 0.027374 0.051028 1 0.2552 0.227129 0.804995 0.015905 0.049120
CCTV10^20251112-220000-20251112-225959_006508,1 0.4698 0.252748 0.807058 0.030078 0.052529
CCTV10^20251112-220000-20251112-225959_006509,3 0.7456 0.422976 0.683717 0.041519 0.052468 2 0.6356 0.111871 0.748731 0.029101 0.060172 1 0.5674 0.252875 0.804496 0.028388 0.054159 1 0.2724 0.226626 0.807257 0.015135 0.046225
CCTV10^20251112-220000-20251112-225959_006510,2 0.7019 0.147262 0.917564 0.047564 0.090564 1 0.461 0.253287 0.806242 0.029362 0.052437
CCTV10^20251112-220000-20251112-225959_006511,3 0.8063 0.138036 0.872974 0.053938 0.079319 1 0.4848 0.253104 0.807079 0.028157 0.049912
CCTV10^20251112-220000-20251112-225959_006512,1 0.6513 0.124244 0.823695 0.025390 0.057620 1 0.5166 0.252622 0.806294 0.029147 0.053900
CCTV10^20251112-220000-20251112-225959_006513,1 0.5261 0.253077 0.804950 0.028797 0.055634 1 0.3449 0.225748 0.801049 0.017672 0.051548
CCTV10^20251112-220000-20251112-225959_006514,1 0.3833 0.236370 0.789769 0.029101 0.061555
CCTV10^20251112-220000-20251112-225959_006515,1 0.5105 0.208902 0.713901 0.021730 0.069469
CCTV10^20251112-220000-20251112-225959_006516," "
CCTV10^20251112-220000-20251112-225959_006517," "
CCTV10^20251112-220000-20251112-225959_006518,9 0.5059 0.446857 0.795882 0.094746 0.128099
CCTV10^20251112-220000-20251112-225959_006519,9 0.32 0.370340 0.697393 0.064583 0.116046
CCTV10^20251112-220000-20251112-225959_006520," "
CCTV10^20251112-220000-20251112-225959_006521,2 0.7424 0.143254 0.900936 0.050975 0.089164 3 0.4106 0.707129 0.616731 0.056063 0.067267
CCTV10^20251112-220000-20251112-225959_006522,0 0.4258 0.097200 0.745981 0.030184 0.063778
CCTV10^20251112-220000-20251112-225959_006523," "
CCTV10^20251112-220000-20251112-225959_006524," "
CCTV10^20251112-220000-20251112-225959_006525,1 0.5076 0.234633 0.707542 0.023439 0.058001
CCTV10^20251112-220000-20251112-225959_006526,10 0.5701 0.874198 0.861595 0.143081 0.201168
CCTV10^20251112-220000-20251112-225959_006527," "
CCTV10^20251112-220000-20251112-225959_006528,12 0.57 0.595683 0.964751 0.126767 0.070499
CCTV10^20251112-220000-20251112-225959_006529," "
CCTV10^20251112-220000-20251112-225959_006530,6 0.7195 0.399479 0.767442 0.077032 0.121718 2 0.3659 0.193730 0.860791 0.042945 0.081445 4 0.2194 0.492936 0.766816 0.050186 0.071036

